:1000000080430020099B000087120100F59A000040
:10001000F59A0000F59A0000F59A00000000000033
:10002000000000000000000000000000719C0000C3
:10003000F59A000000000000119C0000F59A0000F5
:10004000319E0000071A0100319E0000319E000021
:10005000319E0000319E0000319E0000319E000064
:100060001D1A0100319E0000319E0000F1190100AF
:10007000319E0000319E0000319E0000319E000044
:10008000319E0000319E0000319E0000319E000034
:10009000319E0000319E0000319E0000319E000024
:1000A000319E0000319E0000319E0000319E000014
:1000B000319E0000319E0000319E0000319E000004
:1000C000319E0000319E0000319E0000319E0000F4
:1000D000319E0000319E0000319E0000319E0000E4
:1000E000319E0000319E0000319E0000319E0000D4
:1000F000319E0000319E0000319E0000319E0000C4
:10010000064B074A9B7802604FF490728280C3715D
:100110000822FF2382710372704700BFE0030020B2
:100120001B8C0000F8B5C41D002824F00704054608
:1001300014BF2046002000F0EFFA071E02DA6FF02D
:100140000B00F8BD0DB9FC42F9D4294E3189F08875
:10015000F37AB27A0331033089B280B207F0B8FE85
:100160000028ECDB317873783C440334002D1944CB
:1001700024F0030400FB01F114BF2046002000F02E
:1001800057FC20440DB90028D9DBB2780346B2B140
:10019000F17CF37811441944FF29D0DC0330002DA1
:1001A00020F0030414BF20460020F289C9B200F0F9
:1001B00095FC031EC3DB23440DB9002BBFDB317C50
:1001C00081B1B27872B10733002D23F0070414BF58
:1001D0002046002001F068FE031EB0DB23440DB969
:1001E000002BACDB002D0CBF18460020A9E700BF98
:1001F000E00300201FB572B6184BDD6AE5B9BFF306
:100200004F8F1749174BCA6802F4E0621343CB6063
:10021000BFF34F8F00BFFDE7B2FBF6F2DCB2013354
:10022000002AF9D104F110036B4403F80C2C0A22C4
:1002300034B901A8A847E2E7024600230A26EDE701
:10024000631E04AEDCB256FA83F3B0FBF2F602FB97
:100250001600303003F80C0C3046E9E7E0030020CC
:1002600000ED00E00400FA0507B50C4BDA7A8DF8D2
:1002700001209A7A8DF8002068461A89DB88ADF84B
:100280000420ADF8023001F0EFF818B1E8219C200D
:10029000FFF7B0FF03B05DF804FB00BFE0030020F0
:1002A00038B5054668B306F0AFFE10B94FF0FF3021
:1002B00038BD03F03DFFB0F5FA7FF7D8134C144872
:1002C000E562002500F0A2F92A222946204684F89A
:1002D000305007F02DFA01236370A3701B23E380D5
:1002E000238140F2032363811F23E38108232374C6
:1002F000EFF3108472B600F0C7FC2CB962B620464A
:10030000D6E76FF01500D3E72846D1E7E0030020D9
:100310006902000010B5002842D1244C94F8303016
:10032000032B3AD059B1002A3DD00239052937D8DC
:10033000DFE801F0031428362B2E137863700020B9
:10034000FFF7F0FE0028B7BF0123022384F8303006
:100350006FF00B00A8BF84F8303010BD137913B3D1
:10036000537903B31188FB291DD81A2953881AD948
:100370001B3BE02B17D81368C4F806300C4B92884F
:100380009A80DCE71378A370D9E71388E381D6E776
:100390001388FF2B07D82374D1E74FF0FF30DCE739
:1003A0006FF02C00D9E76FF01500D6E7E0030020CE
:1003B000E6030020F8B50D46064630B329B311F028
:1003C000070422D1124F97F83030012B02D16FF081
:1003D0000B00F8BD032B02D14FF0FF30F9E700F01E
:1003E0005FF80028F8D02846FFF79CFE0028EEDBD7
:1003F00008F0E6FD3046214601F07AF8FFF734FFB9
:10040000032387F830302046E3E76FF01500E0E77C
:10041000E003002010B5074C94F83030032B03D1D3
:1004200001F07EF801F06CFC07F048FE002084F833
:10043000300010BDE003002050B1074B03F114025F
:1004400053F8041B40F8041B9342F9D10020704775
:100450006FF01500704700BF0027010010B5074B73
:1004600093F830403CB901F029F80120044900F02C
:100470004BF9204610BD4FF0FF30FBE7E0030020B2
:1004800001010000024B02681A600020704700BFA3
:1004900014040020014B1B68184700BF14040020FF
:1004A000024B1868003818BF012070471404002060
:1004B0002DE9F743264E0446071D2548376001F015
:1004C0002FFC0228054607D12149204607F046FAAD
:1004D000284603B0BDE8F0830428F9D13378072B10
:1004E00018D13E2000F04AF878B9F378327901A9A2
:1004F00043EA02236846ADF8003007F040FC0028CC
:10050000DBD053210820FFF775FE052000F06EF8C0
:100510000028EAD03146204607F04FFAB0F5817F37
:1005200001D37221EEE70028C7D094F8008094F838
:100530000290404600F022F80028BED0B8F13E0FED
:10054000C6D1484600F052F80028C1D1B5E700BF37
:1005500018040020074B4FF0FF3141F6FF72C3E94A
:10056000001205490022C1E900221F21C3E902123D
:10057000704700BF000000205C0400203F280CD81A
:1005800001380B4BC0F3421200F01F0053F8223029
:1005900023FA00F000F001007047FF2806D0403831
:1005A000C0F34212034B00F01F00EFE70120704739
:1005B000000000205C0400200146074B00684968E9
:1005C0001A4603C240F48C221A6041F0107242F4C1
:1005D000FF625A60704700BF000000200246024BD5
:1005E0000068516803C37047080000200138064BBB
:1005F000C0F3421203EB820300F01F009B6823FA52
:1006000000F000F00100704700000020014B18606E
:10061000704700BF6404002010B5FFF79BFF07F090
:100620002BFF034B1B68044603B19847204610BDBF
:10063000640400200B880288F0B5C3F30E049EB258
:1006400004F11803C57CC35A02352A442B4497B2DF
:1006500013FA82F3013B4288B3FBF7F313FB074322
:100660009BB29A42044A93BF22EA060332401343E4
:100670009BB20B80F0BD00BF0080FFFF4A1E062A20
:1006800008B50346084604D84FF4D1711520FFF78A
:10069000B1FD094A914202D940F2A311F6E711B91E
:1006A00003B1196008BD2BB11B680022C3E9012109
:1006B0001A1D1A600430F5E7FAFFFF7F10B5114BE1
:1006C00000EB41041A786389B3FBF2F303FB0223C6
:1006D000013A1A44B2F5706F027928BF00231A4418
:1006E0008378B2FBF3F0194403FB1020091AB1FB25
:1006F000F3F003FB101313446FEA43436FEA5343D1
:10070000638110BD68040020024B03EB8003596035
:10071000704700BF680400202DE9F04F10F0070A71
:1007200085B0054604D040F261111720FFF762FD45
:10073000554F07F10C06B1460446B0464FF0010B89
:1007400057F8043B8DF80BA03BB101A898479DF8E2
:100750000A30082B01D9E821E7E79DF80B1081BB8F
:1007600005B13160B94506F10406E9D12DB3DFF8D2
:100770001CE100238EF800301E46022258F82200A9
:10078000013A60B190F804A08178BAF1FF0F66D108
:100790004FF000078E4207713CBFCEB20123511CBF
:1007A000ECD10BB18EF80060022640F6FF6A58F8D3
:1007B0002670002F65D1013EF9D2601B05B0BDE85F
:1007C000F08F9DF80AC0BCF1020FE64601F1050268
:1007D00038BF4FF0020E0EF1FF3004EB4204044428
:1007E000CEF100002040BDF808406444013CCCF14B
:1007F000000C04EA0C04B4F5803F4FEA420301D335
:10080000F82192E775B1C31A336099701C8083F8A0
:1008100003B09DF80C201A71019A1A814FEA124C0C
:10082000A3F806C004FB01049CE758F82C90B9F12A
:10083000000F06D099F804B0D34504BF99F8029090
:100840004F440CF1FF3CBCF1000FEEDA3944FF29B4
:10085000A0D90BB18EF8006040F2271165E79446ED
:100860000027F0E707EB41033846A3F80AA0FFF79B
:1008700025FF09F10109BB785FFA89F18B42F1D8B4
:1008800099E74FF00009F6E76C04002068040020A7
:10089000F8B54FF6FF730380184B03EB8103054651
:1008A0001869B8B186780379B3FBF6F206FB123308
:1008B000DBB219460A1D00EB4202B2F902705488FD
:1008C000002F09DB0131B1FBF6F206FB1211C9B2B0
:1008D0008B42EFD10020F8BDFF29FBD0C4F30E03FB
:1008E000C4782B8024B94FF4D5711720FFF782FC10
:1008F0005380BDE8F84007F0CABA00BF6804002082
:100900001D4B03EB810370B51C69054644B303041A
:1009100004D54FF4DC711720FFF76CFC014620462C
:1009200007F097FAFF28014604D02046BDE8704042
:1009300007F0ADBAA078B5FBF0F300FB1353DBB2C0
:1009400019460A1D04EB4206B6F90260002E09DBC7
:100950000131B1FBF0F200FB1211C9B28B42F0D1B0
:10096000002070BDFF29FBD08B4204EB42021CBF6C
:100970000023E3705580D8E768040020094B03EB9F
:10098000810310B51C690146204607F062FAFF2872
:10099000014604D02046BDE8104007F078BA002098
:1009A00010BD00BF68040020F8B5104B03EB8103B5
:1009B00007461C690146204607F04BFAFF2805460A
:1009C00011D0E688238953EA064606D00146204620
:1009D00007F05DFA01463846B04720462946FFF742
:1009E0006DFE0020F8BD0520FCE700BF6804002074
:1009F00038B50E4B827903EB82030446186908B9B7
:100A0000052038BD8278E1799142F9D24B1CE3711F
:100A100000EB41035D89B3F90A30002BF3DBA580BD
:100A200007F035FA20600020EBE700BF68040020E3
:100A300070B5044610F003000E4603D04E21182076
:100A4000FFF7D8FBFFF71AFE054624B103483146ED
:100A50000460FFF713FE284670BD00BF8404002029
:100A60002DE9F14FDFF870B09DF828A09DF82C908B
:100A70001E46DBF8003007460D4690461BB9602144
:100A80001820FFF7B7FB52460921404607F0A0F9AE
:100A90004A4684B20921304607F09AF914FA80F1E7
:100AA000DBF8000007F0B1F9386018B9286001B030
:100AB000BDE8F08F04442C60386853464146092253
:100AC00007F065F928684B460922314601B0BDE8B8
:100AD000F04F07F05CB900BF840400201F2AF8B56E
:100AE000044613460ED89200033222F00303B3F5F6
:100AF000803F2DD2184DACB1A00710D05F21092046
:100B0000FFF778FBFF2B4FEA420204D9FF339A42EA
:100B1000A8BF1A46E8E77C2AB8BF7C22E4E7297020
:100B20006C602B8122F0030201EB81031204D800D8
:100B300001276B68120C0025EEB28E4200D3F8BD7F
:100B400014B126181F705E60104401352833F3E796
:100B50004FF0FF30F3E700BF8804002038B5144A97
:100B6000147853680021C8B2844203D8AB2109200D
:100B7000FFF740FB1846013105782833002DF2D0ED
:100B80000021817001241289447044688161C1612F
:100B9000920800F12001051D21F8022B994245F829
:100BA000044B1444F8D100234361037038BD00BFE7
:100BB000880400202DE9F8434B7880460C4602F06B
:100BC000040602F0FB07D3B1DFB12E4BD4F804903A
:100BD0001D89B7BB01236370AD08A761E76104F10C
:100BE00020034A46211D04F1280023F8025B9842A5
:100BF00041F8042B2A44F8D10023636101E0002F5F
:100C0000E3D0FF23A370002E18BF0226A3191B7D7B
:100C1000032B03D1022F1CBF0136F6B2A319012208
:100C20001A7506F10C0204EB8606002324F8123034
:100C30007268A370C8F80020A8F804304046BDE8E8
:100C4000F883002114226170A01806F071FDB5F53B
:100C5000FF7F0FD26B08ED1AADB209EB0502C4F8A5
:100C600004902584A2606384C4F80C90A58422615A
:100C7000E384C6E7B5F5EE6F4FF0FF03EBD940F222
:100C80007265EAE788040020134B012200214FF02F
:100C9000FF309A60C3F80012C3F80803C3F80015C8
:100CA000C3F804259A60C3F80803C3F80015C3F815
:100CB00004250A490A4A03F580334FF40040C3F87B
:100CC0000825C1F88000BFF34F8FBFF36F8FC1F8C5
:100CD0008001C3F80825704700F0004000E100E003
:100CE0000000F63F014B1876704700BF94040020C7
:100CF0002DE9F04104460D46164690F8F03003F019
:100D0000FF071BB10C273846BDE8F0810146454876
:100D100005F006F820288046F4D05822394604F120
:100D2000C80006F005FD84F8C880C4F8CC50FF2345
:100D300084F8F03035B101F041F800F007000130DF
:100D400085F8D40102234FF00008A4F8003184F89C
:100D5000F88003F0F7F900F19E05204608F044F80A
:100D6000ADB2014670B307F0D5FD00F5CD6189B293
:100D7000304603F0A1F93044C4F8FC0008F042FA10
:100D8000281841F10001C4E94201012084F8D00093
:100D9000A4F8268008F0E6F8E53E361AC4F8D460D8
:100DA0004FF0FF326FF00043C4E9442394F8C800C9
:100DB00004F1F80105F0FAF848BB40F2CD113020FB
:100DC000FFF718FA204607F032FFDFF85C80E530C5
:100DD000C4F8FC00B8F8080048B1E08C38B100F065
:100DE000EDFFB8F80830B0FBF3F202FB1300054446
:100DF00008F008FA2D1841F10001C4E94251002E13
:100E0000CED0751941F10001C4E94451CEE7D4E9CF
:100E100042230021C4E93823C4E93A23204608F0DC
:100E200000F870E70D8100004C050020F0B50023AC
:100E300085B0CDE9003301238DF806306846FFF711
:100E4000D7FD70B11D4E0123B3720027CDE90277A3
:100E500002A8FFF7CDFD0546C8B10023B37205B067
:100E6000F0BD009807F00CFAE8E790F8FB0105F0F8
:100E7000EFFA94F8FB0105F0A7FE94F8FB0184F863
:100E8000E45104F081FF202384F8FB31DEE7029B6C
:100E9000002BDDD093F8FB21202AD9D018884FF6FB
:100EA000FF739842D9D02946FFF768FD0446002811
:100EB000DBD14FF49B713020FFF79CF94C050020EB
:100EC000054B00220121DA7219709A7242F21072F7
:100ED0001A81FFF7ABBF00BF4C050020014BD87251
:100EE000704700BF4C050020014B1881704700BFC0
:100EF0004C050020F0B5070CA7F5AA42144B543A54
:100F0000012A03EA90231FD927F4004042F6AA22BF
:100F1000801A18BF01200022162116461F2487EAD6
:100F2000060562EA0505013510D0DD03ADB245EADC
:100F30005606E503ADB2013945EA52024FEA5303C2
:100F40004FEA5404EBD1F0BD0020E4E70020FAE7BB
:100F5000E0FF3F0010B501210020FFF70FFD044620
:100F600070B90121FFF7CCFC044620B940F2913161
:100F70003920FFF73FF9034B93F9061007F01FFEE6
:100F8000204610BD5C05002008B507F0C5FC00F048
:100F90004BFC00F0E7FA07F07FFD00F0AFFD00F03A
:100FA00095FF094B00221A60084B1B214FF4A470D7
:100FB00098801A805980064B064818605A829A75A4
:100FC00099805A749A8208BD480000205C05002070
:100FD0008409002003021B00044B41F64C52C3E974
:100FE00002221B221A74FFF7CFBF00BF8409002022
:100FF0002DE9FF41344DAB680363344B83610446F4
:1010000007F075F9064600F09DFA2B7C84F838301D
:101010002F4B668710F0200F1B681DBFAA886988B8
:10102000A4F85A101B2208BFA4F85A20A4F85C2088
:101030001BB194F9701020889847AE7CEF7CB5F80E
:10104000148016B900F084FA064687BB00F080FAD7
:10105000074676B368B303A920468DF80C608DF877
:101060000D70ADF80E8007F097FC01236A88E385C8
:10107000AB886978019103332978009103329BB2E0
:1010800092B204F1140104F11000FFF7E9FC2369A6
:1010900013B940F24E6114E0636913B940F24F6135
:1010A0000FE0002004B0BDE8F0810920FAE7002E2F
:1010B000D1D120880021FFF777FC0028F5D040F23D
:1010C00024613920FFF796F88409002000093D00CB
:1010D0004C000020F7B505460E4607F0A3FD00289A
:1010E00074D0284607F080FE40B1B6F80130013BCD
:1010F0007F2B03D91224204603B0F0BD284607F009
:1011000077FE08B90C24F6E7284607F03BF90028DB
:10111000F8D1284607F044FD04460028F2D12846BD
:1011200001F04AFA0028E5D0B6F80170F17842F2F1
:10113000107328465F4307F043FE284607F04CFE35
:10114000014658B93A462846FFF7D2FD0446002822
:10115000D1D041F69F313920FFF74CF821460DF1EF
:101160000600FFF795FB064670B3214600F050FCE1
:10117000BDF8063033802846314607F043FE284646
:1011800007F03CFEA0B9296A284607F039FE01465F
:101190003046FFF72DFF04460028ACD13A463146D1
:1011A0002846FFF7A5FD044620B141F6C231D2E73B
:1011B0000121EDE7064B9B68002B9CD0024606F50B
:1011C0008D713046984796E70D2494E7422492E7C4
:1011D0005C050020034B5A8802801B788370002036
:1011E000704700BF84090020F0B50778EF2F85B065
:1011F00004460D4603D91225284605B0F0BDB0F8C7
:101200000130ADF80C309DF90C209DF80C30002A0F
:10121000F1DB9DF80D209107EDD1DA063FD49E0653
:1012200003F0030238D5002AE5D11807E3D4637828
:10123000190711D42179E278E07942EA0122617933
:1012400042EA0142A17941EA0021207A41EA0041C3
:101250008A42D0D81F2ACED9627A013A062ACAD841
:10126000A27A032AC7D813F0040102D1023A012A54
:1012700003D8E27A012ABED811B9A27C032ABAD8CF
:1012800013F01001227D19D0012AB4D1227E012A47
:10129000B1D8B1B91125AFE7032AC6D1ABE713F036
:1012A000600FA8D103F00F0203F00703052BBED097
:1012B000931E012BBBD9002A9DD1B8E7022AE5D1A4
:1012C00099E7DA0743D46378227D03F018010829EF
:1012D00042D1022ADED11B0744D5BFB201213846D4
:1012E000FFF74CFB064600284BD101213846FFF79B
:1012F00007FB064600284AD0264B93F9061007F054
:101300005EFC304607F065FD21462870E0743046EB
:1013100007F0A9FCE37E0546002B3FF46DAF0028E3
:101320007FF46AAF316B02466846FFF743FC306BCF
:101330002A46012106F014FE316B68460422FFF7AD
:1013400039FC306B2A46294606F00AFE54E700F0C5
:10135000C9F80028B7D19DE7022ABCD0227F002A15
:10136000B9D097E7E279A37943EA0223227A43EAE4
:101370000243B3F5804FB0D907F087FF0028ACD106
:1013800088E706F0FFFF0028BBD00C2534E70725CF
:1013900032E700BF5C05002070B50579042D8AB0E6
:1013A00003465CD84488B4F5804F58D82D48465D34
:1013B000284400214279857AC07BADF8001042F0C4
:1013C000100242EA460242EA850242EAC00202F004
:1013D0001F028DF80020BDF80020ADF809201A8802
:1013E0008DF80B208DF80E40120A240A8DF80D108E
:1013F0008DF810108DF80C208DF80F405A7B8DF869
:1014000011205A798DF812209A79D3F807008DF8B7
:101410001320B3F80B209B7B8DF81A307F238DF8B7
:101420001B3001238DF8081005908DF81D10ADF8C4
:1014300018208DF81C308DF81E3002A88DF81F1072
:101440008DF820108DF823108DF824108DF82110C0
:101450008DF822106946FFF7C7FE0AB070BD122052
:10146000FBE700BF2C2701000278034672B14278E7
:1014700062B142881A2A09D982881A2A06D9044AEE
:10148000006810609B88938000207047122070478E
:1014900084090020024B02689A600020704700BF58
:1014A0008409002008B501F07FF8FFF709FDBDE8C9
:1014B0000840014801F062B86805002010B5064CEC
:1014C000064904F5027007F007FA04F503700449B1
:1014D000BDE8104007F000BA680500205000002069
:1014E00058000020014B93F8020170476805002066
:1014F00010B5074C00F0F0FBD4F8080207F0E4F94F
:10150000FFF76AFD00F072FC012384F8143210BD6D
:1015100068050020014B93F814027047680500200D
:1015200010B5074CD4F80C0207F0CEF9D4F810022D
:1015300007F0CAF9FFF728FD002384F8143210BD24
:1015400068050020014BD3E900017047100000201E
:10155000034B1868C0F30020400040F001007047C2
:101560001000002008B502F0E3FD084A002332F81D
:101570002310814205D302EB83039B78044A137046
:1015800008BD01330C2BF2D10023F7E740270100FF
:101590007D070020054B9A8C824201BF002283F810
:1015A00022204FF6FF729A84704700BF7E0700200A
:1015B00050B90A4A1346012003F8010B0868C2F823
:1015C00001008A889A807047012805D1034B0A6878
:1015D0009A608A88D8719A81704700BFA807002056
:1015E00048B90A4B187880B1D3F80120B3F8053018
:1015F0000A608B807047012806D1044BD87920B14E
:101600009A680A609B89F4E700207047A8070020C9
:1016100020B9054B187800F00100704701280ABF77
:10162000014B0020D879F6E7A8070020F7B5002283
:101630008B888DF80600ADF8043008680C4B8DF8E7
:101640000720019D1C78014603F5AC73D0B284429B
:1016500001D8082009E0D3E90076AE4208BF8F42E6
:1016600003F1080302F10102F0D103B0F0BD00BFA5
:10167000B807002030B5094B01465C78002203F51D
:101680008173D0B2844201D8082005E013F8015BD1
:101690008D4202F10102F4D130BD00BFB807002035
:1016A000F0B5254D95F8984189B0224605F299117B
:1016B000684606F0A9F82146684607F04CF904464A
:1016C000B8B300EB4001C9B202A8FEF7E3FE601E0A
:1016D00095F8A161C0B2012495F8982105E0731C2A
:1016E000B3FBF2F102FB1133DEB206F120030DEB86
:1016F000030111F8203C002BF1D100EB4002203215
:101700006A4406EB46032B4412F8187C83F8A27156
:1017100012F8177C12F8162C83F8A37183F8A42111
:1017200001F8204C0138AB19C0B2FF2883F8994169
:10173000D2D109B0F0BD00BFB807002070B5064691
:1017400088B00C46002A4ED0294A92F8A131D01810
:1017500090F8991119B9FF212820FEF74BFD03EBF2
:1017600043011144013391F8A251E57091F8A3515E
:1017700091F8A41161710021257180F8991192F8F6
:101780009811B3FBF1F001FB103382F8A13192F80C
:10179000C23123B9174902F5DD7007F09FF9657969
:1017A00005F03F0545F0400565710D2200216846B2
:1017B00005F0BEFFE3788DF80F3023798DF80E30F9
:1017C00004AA0423694630468DF80D5005F052FDF9
:1017D0009DF81F3023709DF81E3063709DF81D30FA
:1017E000A37008B070BD03216018FEF753FED6E762
:1017F000B8070020A1160000044B5A78824286BF29
:101800001B1893F84A010020704700BFB80700205A
:10181000044B5A78824286BF1B1893F8420100207D
:10182000704700BFB8070020064B00224FF46171DB
:101830001A8083F8C32183F8C421A3F8C61183F862
:10184000C2217047B8070020014B83F8C4017047DC
:10185000B8070020014BB3F8C6017047B807002055
:1018600030B50A4B5C7884420ED9184490F80201D6
:101870002B3003EBC004A5790D7053F830001060D5
:10188000A3889380012030BD0020FCE7B80700202A
:101890000246074810B590F8C34124B1417821B100
:1018A000023001F02FF8204610BD0C46FBE700BFC8
:1018B000B80700202DE9F74F2F4C9A4663788342F2
:1018C0008046894656D9231893F8425185F0010580
:1018D000F9B193F84A31E3B945F002070135BAF19D
:1018E000000F18D1FA070AD5062101FB084104EBC5
:1018F0000810524601F585718230FFF71FFFBB07C4
:1019000034D504EB0810524649460230FFF716FF63
:101910002CE02F46E3E794F8A1614FF0010B002D76
:10192000E0D0A319019393F8991199B90092DAB113
:1019300000F02CFA06EB46012144019B81F8A2013C
:101940004FEA102C009A81F8A3C1000C81F8A40181
:1019500083F899B194F898310136B6FBF3F103FBA3
:101960001166F6B2013DDAE747F00407384603B0E6
:10197000BDE8F08F0027F9E7B8070020074B5A7839
:10198000824209D91A1892F842212AB9062202FB8A
:10199000003000F58570704700207047B8070020C0
:1019A000064B5A78824281BF1B1893F83A01B0FA6D
:1019B00080F0400998BF0020704700BFB8070020A2
:1019C00030B50024A0F84040B0F8444042F2107511
:1019D0004C43B4FBF2F4A0F84440541E05FB03430F
:1019E000B3FBF2F3A0F84230084BB3FBF2F3013340
:1019F000A0F84830838F05FB0344436BB4FBF2F43B
:101A000059438463B1FBF2F2426330BD005A620273
:101A100070B504460D4659BB4FF41C7205F088FEA4
:101A2000012384F88E306FF0360384F8D930042314
:101A300084F8DA306FF03B0384F8DB306F2384F8EE
:101A4000DC306FF03C0384F8DD306FF07F0384F806
:101A5000DF302B2384F8D830FE2384F80E317F2327
:101A600084F88530202384F8DE5084F8FB3170BD83
:101A7000012922D10023A0F8BC3180F8B331154BE5
:101A800082691344B3FBF2F3C0F8B03040F6B833C8
:101A9000A0F8B4301146438C7830FFF791FF05F081
:101AA00001FD30B1E069FFF725FA10B984F89F51C4
:101AB000DDE7002384F89F31D9E70229D7D1B0F8B8
:101AC0005232D0F84C228169BDE870407830FFF77F
:101AD00077BF00BF7FC3C901074B93F9003018449B
:101AE000142804DC10F17F0F03DB40B27047142090
:101AF00070476FF07E00704780090020024B002283
:101B00001A705A70704700BF8009002083230B7041
:101B1000014B1B78CB7070479C0900202DE9F347DF
:101B2000DFF854818246894605270025D9F8103010
:101B300053B11B7A1BB980211020FEF75BFBD9F84B
:101B40001040B4B9002070E0D9F80440237A012B8A
:101B5000F8D0EFF3108372B6D9F804201268C9F8F0
:101B6000042003B962B6C9F81040237A0BB9A62144
:101B7000E2E7267AF6B22772731E0B2B69D8DFE8EC
:101B800003F065061C3362683C68686868576368E0
:101B900013B94FF4D771CFE7204651469847042038
:101BA000EFF3108372B6227A052AD1B25BD1257287
:101BB000C9F81050ABB962B613E0636813B940F2CC
:101BC000B711B9E75146204698470346C3F30723A8
:101BD000012BADF80400C0B23ED0022BE0D1C9F811
:101BE00010500028A2D020E0636813B940F2BF1162
:101BF000A2E7204698470020D2E763680BB9B521D9
:101C00009AE70B228AF8002019881869AAF80310AD
:101C1000012200248AF802208AF805208AF806406A
:101C200006F0E9F8C9F81040042002B0BDE8F087DA
:101C3000D8F80030514620469847034660B1C9F8AD
:101C400010500220F1E74FF4FB7175E740F2F911F3
:101C500072E74FF4FE716FE726720028E5D1002B82
:101C60007FF464AF6EE711B940F21D2164E7002BE9
:101C70007FF45CAF62B659E76400002070B5144C85
:101C80001426231D32460021184605F051FD034657
:101C90000125257400210433324604F11800C4E9FB
:101CA000013305F045FD84F824500A4A04F11C0371
:101CB000C4E906330023E362236384F83430C4F8B4
:101CC0003530C4F8393084F83D30136070BD00BF42
:101CD0009C0900206000002010B5084C2378FF2BE1
:101CE00004D04FF4A0711020FEF784FA05F00AFB2F
:101CF0002070BDE81040FFF7C1BF00BF1D000020ED
:101D000010B5034C207805F019FBFF23237010BD9C
:101D10001D000020014B187805F020BB1D0000209D
:101D200010B506490446FFF7F9FE28B920460449D4
:101D3000BDE81040FFF7F2BE10BD00BFB40900209F
:101D4000A009002010B51346027A22B140F2992171
:101D50001020FEF74FFA0A46BDE810400146014840
:101D600006F09CBEA00900200346064890F83E20DD
:101D70003AB190F83D2022B900F8353B024906F00F
:101D8000AABE70479C0900200D1B0000094AD2E939
:101D90000003434083EAB01181EA43214FEAF34351
:101DA0005360054B116058434FEAF06000EB800030
:101DB000704700BFDC090020BB79379E094AD2E991
:101DC0000003434083EAB01181EA43214FEAF34321
:101DD0005360054B116058434FEAF06000EB800000
:101DE000704700BF20000020BB79379E10B50A4C19
:101DF00009480821FEF74EFBD4E900231343F7D02E
:101E0000064CFFF7DBFF2060FFF7D8FF2368606018
:101E10000343F6D010BD00BF20000020DC090020E5
:101E2000F0B5204E054630780024147080B1431E72
:101E30007768DBB2181B01280BDC07EBC40057F8EE
:101E400034604068884208BFAE4212D1147001204D
:101E5000F0BD1819461007EBC60E57F836C0DEF86D
:101E60000460AC45C0F347008E412CBF03460446D6
:101E7000E0E7B54271EB000002D214700020E7E702
:101E800007EBC30057F833404068884208BFAC42B4
:101E900001D11370DBE7A542814128BF01331370E4
:101EA000ECE700BF040A002010F0070208B503D0D9
:101EB00063214820FEF79EF918B1034B1972586050
:101EC0001A70C80008BD00BF040A0020014B0022A0
:101ED0001A707047040A0020014B187A704700BF3F
:101EE000040A00202DE9D34306F00AFE0DF1070293
:101EF00007460E46FFF794FF98B9114C2278237AD3
:101F000093420ED0616813466FF0604E9DF8070053
:101F1000984209D301EBC003C3E900760132227075
:101F2000012002B0BDE8D08303EB0E0001EBC0003E
:101F3000D0E90089013BC0E90289DBB2E6E700BFD6
:101F4000040A002037B506F0DBFD0DF10702FFF7AC
:101F500067FF0446A0B10C4A9DF807001378556846
:101F6000013BDBB213701A1AD2B2411CD200834279
:101F700038BF002205EBC10105EBC00005F092FB64
:101F8000204603B030BD00BF040A0020074A0346C4
:101F90001068D3F85120C0F80320B3F85520A0F8FA
:101FA000072093F8501006F0FBBC00BF2C0A00205D
:101FB00070B504460E466588407F15F0040113464F
:101FC00018BF04F15F013246FFF774FC4207054673
:101FD00023D4C3070BD5012384F85030607FFFF76B
:101FE000CDFC0368C4F851308388A4F8553015F04F
:101FF000020F4FF001050ED0094B84F85E501868AF
:10200000D4F85F30C0F80930B4F86330A0F80D3070
:10201000294606F0CEFC284600E0002070BD00BF37
:102020002C0A002038B5C38D0F4D0133C3F30E03C6
:10203000C385AB7C04462BB101F0F4F900F094FCAD
:102040000023AB7400232B7194F871302BB1012164
:102050002046BDE8384006F056B9637C13B1E28DE6
:102060009A42F4D20021F3E72C0A002010B5094C63
:102070002379012B02D02379022B05D1A37C1BB13C
:1020800001F0D0F900F070FCE069BDE81040FFF706
:10209000C9BF00BF2C0A002070B5294C2379012B41
:1020A00007D02379022B04D040F657412D20FEF7AC
:1020B000A1F8A0B90125A37C1BB101F0B3F900F090
:1020C00053FC002D3AD0E06906F0FFF8002830D02C
:1020D00001F0BEF8236ABDE870409B68184721688C
:1020E000E26911F8095B02F15103E80992F8502006
:1020F00006F013FC0028DDD02068002106F07EFCED
:102100000028D7D02379E069012B05D02379022B51
:1021100002D04FF44361C9E72379226A03F1804377
:102120005269013B05F00F0152F8233098470546EC
:10213000C1E7E069BDE87040FFF774BF70BD00BF44
:102140002C0A0020074A0346D06903B909B9FFF7F2
:1021500069BF1379126A03F180431269033B52F895
:10216000233018472C0A00202DE9F043032985B0BD
:10217000054690467BD090F870300529DBB202D13D
:102180004288D60760D5002B5ED10127DFF8E890A2
:1021900099F81260B6B106F0F5FB082888F800003F
:1021A00014D002AA0DF10701FFF75AFB20B940F63F
:1021B000CF612D20FEF71EF89DF8070002A906F05A
:1021C000ABFC064698F80030082B08D1D9F800106F
:1021D00011F8030BC0F3801006F09EFC0646D9F8F8
:1021E000001095F8572011F8030B05F15803C0F3C0
:1021F000801006F092FBD9F80010044611F8030B8A
:10220000C0F3801006F0B4FB8146FFF7C9FB01461E
:1022100040B1B9F1080F1BD04846FFF7EDFA80F046
:102220000101C9B298F80000082815D094B96B7F55
:102230001C1A604260416B885A0706D421B996B9CE
:10224000EB7C93B1BB4210D0002005B0BDE8F08319
:102250000021E7E70120EEE714B181F00104E4B2C8
:1022600004F00100E7E73046EFE70120EDE743889F
:102270009B07E9D5022789E72C0A0020032973B5BB
:10228000044604D0052952D0012002B070BD0823B5
:102290000DF107028DF80730FFF766FF0028F3D035
:1022A000237C284D03B39DF8070094F8BE30DBB9BA
:1022B000237884F8BF30082804F1C10228D004F143
:1022C000C001FFF7CDFA20B940F645712D20FDF78A
:1022D00091FF94F8C03043F0020384F8C0301A49EB
:1022E00004F1B60006F0F7FB2B68062204265A70AC
:1022F0001E702046FFF74AFE94F84020E16B2868E4
:1023000006F06DFB28682E7101F042F80020BCE752
:102310002868034613F8031BC1F3801184F8C0102A
:10232000D0F80310C4F8C1109B889380D7E7074BFF
:102330001B6823B1984780F00100C0B2A5E718469A
:10234000A3E700BF2C0A00202D8B000068000020AE
:10235000F8B504460F4619B300F12805284606F0E3
:10236000DAFDA0B963881A072ED5284606F0EAFDE3
:102370000646284606F0CFFD301AC0B206F0F2FD40
:10238000474A936803442846936006F0A0FD284618
:1023900006F0A2FD00F0CAFE2179252000F0F6FD2E
:1023A0003F4E94F85E2030680023037043706388CA
:1023B000103B0D2B64D8DFE803F05F635B0C6340D8
:1023C00063636363636363402046BDE8F840FFF7DF
:1023D00029BE06234370202303702046FFF7D6FD55
:1023E000638823F008039BB2152B05D094F838209E
:1023F000616B306806F0E4FA306800F0C9FF03232F
:1024000021793371002000F0BDFE054607B9F06068
:1024100063881B0704D506F0A2FD0544C4F8D85014
:102420006388103B0D2B36D8DFE803F038352F2FAB
:10243000352F353535353535352F0C23437003466B
:10244000212103F8091B52B1D4F85F20C0F80920FC
:10245000B4F863209A80012106F0ABFABDE7A26DC3
:10246000C0F80920B4F85C209A8094F85710F3E77C
:10247000062303704370B0E7022303700623F9E7D5
:1024800040F234612D20FDF7B5FE21790120BDE831
:10249000F84000F0D5BF40F6CA41F3E7F8BD00BFF1
:1024A0002C0A002038B54388102B044604D1BDE81F
:1024B00038400121FFF74CBF0B4DAB7C23B100F03E
:1024C00039FA402000F0A2FF286800F061FF608820
:1024D00010F0040002D1217900F0B2FF002000F0DA
:1024E00071FF01232B7138BD2C0A0020024B012102
:1024F000D869FFF72DBF00BF2C0A002010B5134C80
:10250000A37C1BB100F08EFF00F02EFAE06905F00D
:10251000DCFE70B12379E069012B0FD12379226AA7
:1025200003F18043D268013BBDE8104052F82330EC
:102530001847E069BDE81040FFF774BD2379022B0E
:10254000ECD040F658312D20FDF754FE2C0A002027
:1025500010B50948037903F0FF0453B91822214646
:10256000043005F0E5F800F05DFF00F0FDF92046CD
:1025700010BD0C24FBE700BF2C0A002010B5094C4D
:10258000002323712060FFF7E3FF20B140F2EF2129
:102590002D20FDF72FFE236A13B940F2F221F7E751
:1025A00010BD00BF2C0A0020014B024A1A6270477E
:1025B0002C0A0020782800002DE9F041067DB31E8A
:1025C000DBB2012B04468CBF4FF000084FF001082E
:1025D0007EB3B71E18BF0127012B36D800F1580172
:1025E00090F8570006F0C4F9082805462DD0FFF7EB
:1025F0000FF958BB657784F81C8084F85070FFF79A
:1026000029F9054606F0FEFD174BA5FB03351B18FF
:1026100045EB01050022C4E9123584F85E2011461D
:102620002046FFF7C5FC70B940F27A412D20FDF736
:10263000E1FD3746082504F151010020FEF7D0FFE7
:102640000028D7D10020BDE8F0810825022EF2D065
:10265000E37E002BF6D0D4F81530C4F85130B4F82E
:102660001930A4F85530C5E740420F00F0B5484E88
:10267000327985B0044602F0FF0312B90278FF2ACE
:1026800004D140F6B7112D20FDF7B4FD3382B360BD
:102690007371B37180F871303E4B00933E4B0193E0
:1026A0003E4B0293336A68465B68039300F068FE12
:1026B00000F09EFC00F0B6FE00F056F9384800F03D
:1026C0002BFD04F12805374800F054FE284606F09B
:1026D000FEFB284606F000FC00F028FD21792520AD
:1026E00000F054FC94F9120000F010FD04F13401E4
:1026F000206B05F052FC04F13C010746206B05F00D
:1027000073FC0546E7B194F82430CBB1B4F92E50F0
:10271000ED43ED0F237F13B963885B0709D5D4E937
:1027200012126FF000439A4208BFB1F1FF3F0ED181
:10273000ADB930680330FFF7ABF8B07405B0F0BD49
:10274000002DE7D094F82550002DDFD1E2E706F008
:1027500059FDD4E91223904271EB0303E8D301221F
:1027600029462046FFF724FC68B1FFF773F80546B9
:1027700006F048FD0C4BA5FB03351B1845EB010586
:10278000C4E91235D5E7002DD3D040F6F4117AE72D
:102790002C0A0020FD2400009920000045210000A3
:1027A000D6BE898E5555550040420F00F7B50446F8
:1027B000FFF75CFF00212046FFF7CAFDA36E0BB1B7
:1027C00001221A606388DB0721D50023114E256A98
:1027D000CDE90033FF23F37405F10A076846FEF7DD
:1027E00007F9A0B9009CA542F8D06A7A607A3B4606
:1027F00004F10A0106F091F80028EFD0A378F374F1
:10280000D4F803007061044BB4F807209A8003B039
:10281000F0BD00BF2C0A0020400A0020024BD86106
:102820001B6A1B68184700BF2C0A002043881B073F
:1028300010B5044611D5036A0A493C2280F87B2072
:102840001B88A0F87C30FF2380F899304FF6FF7387
:10285000A0F89A30723006F03EF9FF2384F8713008
:1028600010BD00BF458B0000978B0000A524000021
:102870009D8B00007D220000AD2700006D20000030
:10288000ED240000682800006C2800007428000077
:102890000138022808B503D9C3212F20FDF7AAFC6F
:1028A00013290A4B05D811290CD8102907D0D1219A
:1028B000F3E71529FBD103EB4003D88801E033F897
:1028C000100008BD03EB40039889FAE710280100C7
:1028D000064BD3F8000138B1D3F8040120B1D3F886
:1028E0000801B0FA80F04009704700BF00F00040D6
:1028F000034B00221A705A7010229A70704700BF62
:10290000680A002070B50646022014460D4600F005
:10291000B9F8064B01221A70054B033CC3F8104569
:10292000C3F80865C3F8045570BD00BF680A0020ED
:1029300000F0004008B5022000F0A4F8084B012286
:102940001A70084B0022C3F80021C3F80421C3F811
:10295000082103F580334FF40002C3F8042508BDB5
:10296000680A002000F000400D4A08B513787BB1DA
:102970000C4B4FF40001C3F80815FFF7A9FF60B135
:1029800001235370084BD3F8003493700023137065
:10299000BDE80840002000F075B850701023F4E73F
:1029A000680A002000F0014000F000400A4B1A784D
:1029B0006AB10A4BD3F800215AB1D3F8040120B10F
:1029C000D3F80801B0FA80F04009C0B270475878D7
:1029D00070470220704700BF680A002000F00040E6
:1029E00008B5074B1A783AB1FFF772FF30B1054BC3
:1029F000D3F80004C0B208BD9878FCE71020FAE7CD
:102A0000680A002000F00040024B00221A705A7041
:102A10009A7070476B0A0020084B1A784AB108492F
:102A2000084AC1F808250022C1F89825C1F89C255C
:102A30001A7000225A709A70704700BF6B0A00200B
:102A400000F001400000020208B50B4B4FF40042B9
:102A5000C3F88020BFF34F8FBFF36F8F074B002267
:102A6000C3F80025C3F80025FFF7D6FF044B4FF449
:102A70000002C3F8082508BD00E100E000F00040B6
:102A800000F0014038B5144C0023C4F80035C4F8F8
:102A900000350546FFF7C0FF104B4FF40002012D33
:102AA000C3F8082503D0022D08D085B938BD02230C
:102AB000C4F800350A4BC4F81435F7E70321C4F80D
:102AC00000150749C4F81415C3F80425EEE787215B
:102AD0003D20FDF78FFB00BF00F0004000F00140FB
:102AE000700A0020024B00221A809A701A717047F7
:102AF000800B002038B5144D95F83D20034608465C
:102B000022B940F687013E20FDF774FB6BB9012A1C
:102B1000AC6B95F83C1005D100F00EFE20442B6BF9
:102B2000C01A38BD06F0B5FAF8E7012B0AD1012A20
:102B3000AC6B95F83C1002D100F0F0FDEEE706F02A
:102B4000B3FAEBE70020EAE7800B002008B5094B59
:102B5000012883F82400084B06D0022808D040F64C
:102B60003D513E20FDF746FB0322C3F8102508BD6A
:102B70000422FAE7800B00200010004008B5144B37
:102B800093F84A30D90720D59A070ED5114BD3F8C0
:102B9000002242F00102C3F80022D3F8500500F0F1
:102BA000F600023818BF012008BD5B070DD50A4B9F
:102BB0000A4AC3F8AC25A3F5B833D3F8403123B1A2
:102BC00040F276613E20FDF715FB0120ECE700BFE7
:102BD000800B00200010004000F001400810004071
:102BE00007B50B4A01AB92F9252000F0E9FD9DF9EC
:102BF000040000F08BFD9DF8050000F059FE20B1A7
:102C000040F23F613E20FDF7F5FA03B05DF804FBAA
:102C1000800B002008B503460F4863B92831C16016
:102C20000E4900F02DFE0130012814D94FF4EB615C
:102C30003E20FDF7DFFA012B0AD12931C160074997
:102C400000F024FE0130012805D940F26271EFE75F
:102C500040F26671ECE708BD280000203028010032
:102C600008B50C4B9B78012B09D100F015FE013003
:102C700001280ED940F6D8013E20FDF7BBFA022B01
:102C800007D100F00FFE0130012802D940F6DE0125
:102C9000F2E708BD800B0020084B094A1B8DB3F5F5
:102CA000166F3ABFA3F6381343F48073A3F5166387
:102CB000C2F80835C2F85405704700BF800B0020E9
:102CC0000010004038B50D460446FFF73FFF284688
:102CD000FFF7E2FF29462046104DFFF781FF40F243
:102CE0000313C5F8343540F25B63C5F8383504F09A
:102CF000D9FB90B14FF08053D5F88825D3F8203315
:102D0000022C22F4FE420CBFC3F30663C3F3062376
:102D100042EA0323014AC2F8883538BD001000405A
:102D200010B50C46FFF712FF2046FFF7B5FF124B18
:102D30005A78012A03D1D8782146FFF751FF0F4C6A
:102D4000D4F8003243F48873C4F8003240F203131D
:102D5000C4F8343540F25B63C4F8383504F0A2FBA4
:102D600040B904F0AFFB28B9D4F8683543F4C02368
:102D7000C4F8683510BD00BF800B00200010004073
:102D8000F8B53C4C0D4616460746002845D110467E
:102D900094F82610FFF796FF22780123A3709A4239
:102DA000354B4FEA46061E4428D1338B4FF47A72D6
:102DB00003F5FA73B3FBF2F3ED1A216B2F4B304A94
:102DC0000D44C3F8405503F5A073C2F8A835236C31
:102DD00043F4002323644FF40023C2F8043523781E
:102DE00093BB94F84A3043F0020384F84A30FFF76B
:102DF000C5FE044678BB4FF4D16122E0F38B4FF45B
:102E00007A7103F5FA73B3FBF1F3ED1A002AD4D10A
:102E10001B4B1C4AC3F8AC25CFE701280FD194F80F
:102E200026101046FFF77CFF0223A3702378012BA6
:102E3000C3D0293D002BC0D1114B134AEAE740F61D
:102E400009013E20FDF7D6F9012BD0D194F84A3084
:102E500043F00403C9E7094B0122DA64D3F84C3587
:102E60009D4205D929463846FFF7D4FE2046F8BDD5
:102E70000024FBE7800B0020302801000080004088
:102E800000F00140001000400410004010B5602226
:102E90000021194804F04CFCFFF724FE04F0B8FAB6
:102EA00060B124221548FF2104F042FC4FF080431A
:102EB0000022C3F8082EC3F8102E10BD04F0B2FA99
:102EC0000028EED104F0B8FA0028EAD104F0D4FAD0
:102ED00008B14022E6E704F0C5FA04460028F8D11C
:102EE00006483822FF2104F023FC4FF08043C3F84A
:102EF000084EC3F8104EE0E7800B0020000E0040A3
:102F0000034B034493F8240000F51660704700BF9C
:102F100030280100094AD2E90C3092F83C10C01A5E
:102F2000074B03EB8103DA6C9B6D801A03F2F313FA
:102F30004FF47A72B3FBF2F3C01A7047800B002093
:102F40003028010008B50F4A92F83C10012906D03C
:102F5000022914D040F2A6213E20FDF74BF940F69D
:102F6000B830D2E90C239B1A074A02EB8102D26CDB
:102F70009B1A4FF47A72B0FBF2F0184408BD4FF47C
:102F8000FA60EEE7800B002030280100FF2808B52A
:102F900004D940F2C2213E20FDF72CF9124B012941
:102FA000A3F8480004D0022919D040F20731F2E713
:102FB00000230E4A43F4801340F0007043F48473FE
:102FC00040F44030C2F81435C2F81805D2F8503534
:102FD00003F0F703032B05D140F21D31DBE74FF07F
:102FE0008073E6E708BD00BF800B002000100040A2
:102FF0003F4B022270B5C3F88020BFF34F8FBFF361
:103000006F8F3C4C0023C4F8FC3F0123C4F8FC3F05
:1030100004F058FA28B1D4F83C3743F48063C4F87C
:103020003C3704F013FA58B1D4F83C3723F000438E
:1030300023F0FF0343F0004343F09603C4F83C370A
:1030400004F030FA2B4C38B1D4F8403723F47F43E6
:1030500043F4B053C4F84037274BC4F8783700F036
:1030600039FC38B14FF08053D3F83033591C18BFB6
:10307000C4F84C374FF010231E4C1B6E5A1C09D05D
:10308000D4F88C251B0403F47F0322F47F0213433E
:10309000C4F88C35194D0123C4F8303585F8243037
:1030A0000323C4F8103540F20123C4F85036022639
:1030B000134BC4F80062187C00F012FC114B124A4A
:1030C000C3F804250023AB87AB6385F84A3002F0D0
:1030D00075FE074B28631022C3F88061C4F80423EF
:1030E0001E602B6E03B19847BDE8704000F0BCBB7A
:1030F00000E100E0001000402C000089800B00205F
:103100002800002000F001400000020C014B83F871
:1031100025007047800B0020034B020E0002C3F80D
:103120002425C3F81C05704700100040054A064BD3
:1031300082F82600184490F8243003F516631385AE
:10314000704700BF800B00203028010010B50446F6
:103150000068FFF7E1FF094B6268C3F83C25207A5D
:10316000FFF7E4FF617A6089FFF710FF607AFFF7ED
:10317000EDFC034B227B83F8252010BD001000409E
:10318000800B0020F8B5244E96F84A30DA07054641
:103190000F4604D440F29D713E20FDF72BF81F4CE2
:1031A000D4F8002243F0020342F00102C4F80022E6
:1031B00086F84A30F8B996F826103846FFF782FDAF
:1031C000174A0123B370D3642360154BD3F84C45E1
:1031D00028462146FFF71EFD306B241AC5B9114958
:1031E00001EB47074FF47A71F88B00F5FA70B0FBEA
:1031F000F1F02044F8BD0128E7D196F826103846B2
:10320000FFF78EFD0223B370054BDD646560DCE7DC
:1032100004F12900EEE700BF800B00200010004001
:10322000008000403028010008B5FFF7A9FD58B91B
:10323000064BC3F84005A3F5E04301221A610220C2
:10324000BDE80840FEF790BD08BD00BF008000400B
:1032500037B5244B2449D3F8044302224FF0FF3002
:10326000C3F80803C1F880212049C3F800220022D6
:1032700081F84A201E49C1F8402501F5B8314FF4C4
:103280006025C1F80855D3F85015C9B204F01004F0
:10329000D1B18DF80700C3F8102101221A619DF801
:1032A000072012B1D3F810213AB19DF807305BB96D
:1032B00040F6C7013E20FCF79DFF9DF80720013A2C
:1032C000D2B28DF80720EAE7FFF7CAFC05490023D0
:1032D000C1F81031FFF706FC14B11023C1F8043314
:1032E00003B030BD0010004000E100E0800B002082
:1032F0000080004038B51B4D0024C5F84845C5F88E
:103300004445C5F84045C5F84C45FFF7A1FF00F01E
:10331000B1FA154B15491A6C1C6442F0446242F430
:103320000032C1F80825C3E90D441C77104BC5F8DD
:1033300048450222C5F84445C5F84045C5F84C4506
:10334000C5F84841C5F84441C5F84041C5F84C416D
:10335000C3F88020BFF34F8FBFF36F8FC3F8802176
:1033600038BD00BF00800040800B002000F001400D
:1033700000E100E0014BC3F83C057047001000403D
:1033800010B50FC8014C84E80F0010BDE40B0020FD
:1033900008B50A4BC3F80405094B93F84A20586452
:1033A00042F0010283F84A20FFF7E8FB20B940F61B
:1033B00048113E20FCF71EFF08BD00BF0010004072
:1033C000800B002010B50F4C034694F83D0094F894
:1033D0003C100222012822774FF0960094F8242016
:1033E0000CD100F0B7F9084A20620023C2F844313A
:1033F000A36B216A0B44C2F8443510BD00F0C4F938
:10340000F1E700BF800B002000800040044BC3F8B0
:103410006005D3F8002242F04002C3F80022704752
:1034200000100040054BD3F8002222F04002C3F800
:1034300000220022C3F86025704700BF0010004042
:1034400008B50D4B0246D97008460021197082B9A3
:1034500001225A709A78022A0DD193F82610FFF7AC
:10346000BFFB064AD2F8003243F48873C2F8003238
:1034700001E002225A7008BD800B002000100040BD
:103480002DE9F843954D964C0123EB64236BD5F859
:103490004C75B4F84890FF1A03F05CFA0026C4E9B2
:1034A0001406A765FFF7DCFB8E4B226C8E49C3F830
:1034B00008252664D1F8003223F48E7323F001032B
:1034C000C1F80032237F84F84A6023B1D5F8443133
:1034D0009B1B18BF0123A278012A34D1D1F80C31EB
:1034E000002B0CBF0025082515F00B0F7E4B04D1D7
:1034F000D3F8101109B145F010050021C3F80011EF
:10350000C3F80C11C3F81011C3F80411C3F8081163
:1035100005F01803102B03D1012A08BF45F0200540
:103520006E4BD3F84815A163D3F844356363022A80
:1035300094F8243084F83D201BD1D3B940F24621C1
:103540003E20FCF757FE022A11D16749D1F80C0141
:10355000D1F8001400280CBF00250225C90758BF68
:1035600045F00405002BBFD045F00105BCE7002560
:10357000BAE7667884F83C303EB9FFF7B3FA2677AD
:10358000EF0749D5636E984775E015F0110F21D10B
:103590002379B6F1010818BF4FF00108012B2678F6
:1035A0001CD0022B2DD08BBB96214046FFF7A2FAF0
:1035B0000146FFF797FA012E07D13B378F4228D8F3
:1035C000464B26700022C3F84021E2784046FFF7C0
:1035D0002BFE01E0FFF73CFE0026D1E74348FFF752
:1035E000B5FD94F83D3013B940F29471A8E7012B72
:1035F00004D1FFF7A7FCA1690144DAE7FFF78AFCD1
:10360000F9E73A48FFF7A2FDA169D2E740F6DE21CB
:1036100096E7354B1E61B3E7A80744D503F042FF98
:10362000E0B903F04FFFC8B92F4BD3F85034D9019C
:1036300014D51A0705D013F0F00F02D013F4706FF1
:103640000CD1294AC3F304410129D2F8542405D1ED
:10365000012A03D0C3F34253022B93D9636C5B78E6
:103660004B4588BF45F0040585F00400A36E314644
:10367000C0F380009847A378022B12D1237F83B137
:10368000022B164A1DD1A36B216A0B44C2F84435A4
:10369000236C43F480032364124B4FF48002C3F87D
:1036A0000425BDE8F88315F0280F06D085F0200129
:1036B000E36EC1F340113046DCE7EB06DBD5236F48
:1036C00061E7012B02D040F6074139E7236AA16B7D
:1036D0008B42DBD840F6084132E700BF0080004053
:1036E000800B002000F0014000100040880B0020FB
:1036F000024B03EB8003D86C704700BF30280100F9
:10370000014B53F82000704788280100024BC0B2DB
:10371000C3F80C05704700BF00100040054B33F89C
:10372000113002384FF47A7203F2E733B3FBF2F34D
:1037300018447047A0280100054B33F811304FF4AE
:103740007A7203F57A73B3FBF2F31844704700BF43
:10375000A028010038B51D460A4B33F8111003EBC1
:10376000820305359C6821444FF47A7301F6B73122
:1037700003FB00141046B4FBF3F4FFF7B9FF2C442D
:10378000204438BDA028010070B5064608461546FD
:10379000FFF7B6FF094A02EB850293684FF47A728D
:1037A00003F6B73302FB06331C1A2846B4FBF2F4C7
:1037B000FFF79EFF0530204470BD00BFA028010028
:1037C0002DE9F04F264C87B0074698460D46164621
:1037D00000F0A8F82378BB42814611D16378AB4250
:1037E0000ED194F90230B3420AD1E378834207D173
:1037F000A388A8F8003094F9060007B0BDE8F08F60
:103800007B1EDBB2032B0DD8164A12F803A0294603
:103810000DF117033246504600F08AF838B13E21C8
:10382000A92002E040F2C6410620FCF7E3FC039029
:1038300028469DF917B0FFF763FB039A00920346F1
:1038400052464146584600F039F8B8F80030A071A9
:10385000A38027706570A67084F80390CBE700BF43
:1038600040000020B4280100014B1B685B6818472A
:103870006C000020014B1B689B6818476C000020FF
:10388000014B1B681B6918476C000020014B1B682B
:103890005B6918476C000020014B1B689B69184747
:1038A0006C000020014B1B68DB6918476C0000208E
:1038B000014B1B689B6A18476C00002030B4044C15
:1038C0009DF8085024680295E468A44630BC60471F
:1038D0006C000020014B1878704700BF18110020C1
:1038E00000220F4938B50446134644FA02F0C007D7
:1038F000D5B248BF581C02F1010244BFCD54C3B237
:10390000042AF2D1064DC3F10402042BD2B24FF0C7
:10391000FF0188BF0022E81803F00AFF2C7138BDB0
:1039200024110020014B187D704700BFF80B0020C8
:10393000042810B511D883B104280CBF1024282402
:10394000A1420AD2064C54F8200018B141568A42CE
:10395000A8BF0A461A70002010BD6FF01500FBE7E3
:10396000F80B002030B50346114890F91C209A420C
:1039700019DD90F924209A4217DA9A1A846AA05C19
:103980000C4A15569D420DD00E32002918BF013049
:103990009442C0B206D129B1013BDBB2012B01D860
:1039A0000130C0B230BD0D20FCE70020FAE700BFB7
:1039B000F80B0020B828010008B5054B93F91C301E
:1039C000984203DAFFF7CEFF024B1B56184608BD9C
:1039D000F80B0020B828010010B51C4C94F82C30CE
:1039E00073B9012384F82C3003F026FD48B1184B3D
:1039F000A362D823236284F824300823A3612377A9
:103A000010BD03F02FFD0028F1D103F035FD002893
:103A1000EDD103F0F3FC38B10E4BA362D82323623F
:103A200084F824300423E9E703F0F2FC0028F3D102
:103A300003F0F8FC0028EFD103F008FD0028EBD1DB
:103A400040F2BF11742003F09FFA00BFF80B002072
:103A5000F3280100C628010010F0FF0008B508D1C6
:103A60004FF0804301225A60C3F80001034B1870E5
:103A700008BD8421B52003F087FA00BF250C002083
:103A8000014B01221A707047250C002008B558B967
:103A90004FF08043D3F8003123B9054B187800F07C
:103AA000010008BD0120FAE7D021B52003F06CFA2F
:103AB000250C0020F8B50F4E0127375404460D465B
:103AC00005F04BFB60B934B94FF08043B7707560B7
:103AD000C3F80473F8BD4FF488716D2003F054FAF5
:103AE000002DF7D01CB92046A8477460F2E740F2D9
:103AF0002B11F2E7280C0020044B191800228A70C1
:103B000003EB80011A544A60704700BF280C002064
:103B100010B5034CA08100F095FCE08110BD00BF02
:103B2000280C0020014B188A704700BF280C002089
:103B3000014B9889704700BF280C0020014BD889A1
:103B4000704700BF280C002010B5EFF3108472B648
:103B5000064B03449A7C0132D2B29A749B7C012BAF
:103B600001D105F0EEFA04B962B610BD280C0020B0
:103B700038B505F02DFB05F0F0FA094C4FF0804503
:103B800040B105F012FB01232B61042323750023B0
:103B9000637538BD032323750123C5F80433F6E7A5
:103BA000280C002010B5EFF3108472B6094B0344C3
:103BB0009A7C22B940F249216D2003F0E5F99A7C04
:103BC000013AD2B29A749B7C0BB9FFF745FF04B956
:103BD00062B610BD280C0020024B187D003818BFBB
:103BE00001207047280C002073B51B4DEB7D63B995
:103BF000686A00F0030005F0C8FA30B1EFF31083F3
:103C000072B62A7D1AB103B962B602B070BD012244
:103C10002A7503B962B64FF080430822C3F808231F
:103C20004FF42073ADF80630BDF80640A4B2631E11
:103C30009BB2ADF80630002CF6D14FF08046074815
:103C4000C6F80C4105F0FFFA85F82940FFF790FF10
:103C50000823C6F80433D8E7280C0020500C0020B5
:103C60002DE9F347484CA37D002B00F08A80032305
:103C70008DF8043000224FF080438DF80520D3F8F2
:103C80000051F5B9D3F80481B8F1000F09D04FF015
:103C900080430022C3F804210222C3F80823FFF75F
:103CA000A3FF94F8296039484FF08047F6B2D7F85F
:103CB0000C8105F0CCFA30B340F235316D2003F0C1
:103CC00063F98DF804200121D3F80481C3F80813A7
:103CD000271DA61C15460DF1040A914615F80A0089
:103CE000032808D0337833B13B6886F8009013B1CD
:103CF0009847C7F80090012D07F1040706F1010667
:103D0000C2D00125EAE745B1237D032B05D1042369
:103D1000237505F04AFA01233B61B8F1000F16D074
:103D20004FF080430022C3F80C21237D042B02D0E6
:103D300040F25B31C2E703F0A9FBC8B14FF080430A
:103D40000022C3F8342C0223237505F044FA4EB147
:103D5000002384F82930237D022B01D1FFF708FFCF
:103D600005F039FA094802B0BDE8F04705F07EBA1F
:103D700003F06CFB0028E1D103F07EFB0028DDD1CD
:103D8000E1E702B0BDE8F087280C0020500C0020CD
:103D900010B5054C606A00F0030005F0F6F9002844
:103DA000F8D0002010BD00BF280C0020F8B5054653
:103DB00050B10278042A07D8437842B9013B1F2B3F
:103DC00002D88378212B07D96FF0150097E0002BDC
:103DD000FAD18378002BF7D1854B0127C3F8807087
:103DE000BFF34F8FBFF36F8F4FF08046C3F88071E2
:103DF000804C4FF0FF33C6F808330023C6F800317B
:103E0000C6F80431C6F80C31A374E374AB8823827E
:103E100005F0A6F908B12770A774D6F80C24D6F8D7
:103E20000C34D20303D5DF0701D5FFF729FE4FF489
:103E3000AF60FFF76DFE2B78A978E3750022626210
:103E400021766275042B2CD8DFE803F005031927CF
:103E500029000123636205F08AF9002850D005F09B
:103E60008DF9636A03F00303984249D1AB79EBB94A
:103E7000FFF78EFF00281EDA4FF4A36113E005F070
:103E8000A7F94FF08043D3F80C14D3F80C24CE03D9
:103E9000F9D5D007F7D50223DCE7574BDAE7574BC4
:103EA000D8E740F20A516D2003F06EF84FF08043DE
:103EB0000222C3F80423237E6BB12B785BB905F093
:103EC0004CF9054603F0E0F96FF00043002D00F0D7
:103ED0008C80C4E907034FF08043D3F80C24D3F857
:103EE0000C34D20303D5DB0701D5FFF7C9FD404AE7
:103EF000012300202075A375C2F880311360F8BD3E
:103F00004FF080430122DA600022C3F80421626A84
:103F1000C3F8182503F072FA10B34FF080534FF036
:103F20008042D3F84432C3F34233C2F83C3503F045
:103F300065FA10B34FF080430122C3F84C254FF0CF
:103F4000804301229A600222C3F80423AA79002A3E
:103F5000B1D1D3F8042391071CD440F2BD41A2E7AC
:103F600003F056FA0028D8D103F05CFA0028D4D127
:103F700003F06CFA0028D0D1D9E703F049FA002801
:103F8000D8D103F04FFA0028D4D103F05FFA00280B
:103F9000D0D1D4E71A4A1669116941F010011161B4
:103FA000D3F8043106F010060BB905F06CF94FF0A8
:103FB0008047D7F8043133B1FFF7EAFE002805DA6D
:103FC00040F2D7416FE705F05CF9F2E726B90C4AF9
:103FD000136923F0100313614FF080430222C3F8EA
:103FE00008230022C3F8042165E7C4E9073072E71B
:103FF00000E100E0280C00200100020001000300A5
:1040000000ED00E010B50D4C04F1280005F01FF99B
:1040100048B9237D022B01D1FFF7AAFDBDE810406E
:10402000074805F023B9074A012384F82930BDE881
:104030001040C2F8003105F0CBB800BF280C0020BA
:10404000500C002000E100E00C4A38B50D46117913
:1040500019B18A216F2002F097FF58B9547944B9F9
:1040600001235371FFF770FD20462946FFF722FD1B
:10407000204638BD6FF01500FBE700BF540C002050
:1040800038B50C4D2B7904461BB1A1216F2002F0ED
:104090007BFF48B96B7953B1FFF72EFD20466C7159
:1040A000FFF780FD204638BD6FF01500FBE718468E
:1040B000F9E700BF540C002008B501B3F0B14FF090
:1040C000FF331A46E0FB01320E498A4203D9E2214E
:1040D0006F2002F059FF180D40EA0230C3F30F13AE
:1040E0004FF22441B0FBF1F203EB0040064B03FB1F
:1040F0001200B0FBF1F040EA0240013008BD084672
:10410000FCE700BF3F420F00000024F4014B9B6816
:10411000184700BF540C0020014BDB68184700BF54
:10412000540C0020014B1B69184700BF540C0020A1
:10413000034B1A790AB9FFF7F5BC988D704700BF99
:10414000540C0020034B1A790AB9FFF7F1BC988A86
:10415000704700BF540C0020034B1A790AB9FFF7CF
:10416000EDBC188E704700BF540C0020024B1B7929
:104170000BB9FFF739BD7047540C0020014B9B6908
:10418000184700BF540C002010B5144C2379A3B17C
:10419000636A9847002806DB94F82E3023B1012388
:1041A00084F83230002010BDFFF7E8FF0028F6DA6F
:1041B0004FF4D1716F2002F0E7FE094BA361094B68
:1041C000E361094B2362094BA360094BE360094B90
:1041D0002361FFF7EBFD0028E1D0E4E7540C002059
:1041E000913D000005400000D93B0000D191000046
:1041F000D7910000DD910000064B10B51C7924B169
:104200004FF4FB716F2002F0BFFEFFF781FC2046E8
:1042100010BD00BF540C0020014B1879704700BF3F
:104220008C0C0020054B1A79824283BF1B6800EB7F
:10423000400003EB00100020704700BF8C0C0020F2
:1042400043F60952C0F3080302FB03F3400A03F5E7
:10425000807302FB00F000EB5320704743F6095CCB
:10426000C0F3080210B50CFB02F2C0F34E24030E9B
:1042700043EA01230CFB04F0090E02F580724FEAB9
:10428000411C00EB52205A01B2EB030E4CEAD36CF6
:104290006CEB01044FEA841C4FEA8E12B2EB0E0263
:1042A0004CEA9E6C6CEB040C4FEACC0C4CEA527C52
:1042B000D200D31841EB0C01DA03C903801841EA9C
:1042C000534141F1000110BD430B48F2376C0CFB28
:1042D00003F34FEA134C00B5104B43F6095E0EFB97
:1042E0001C0000FB03F35B0D0EFB03FE03EB4C23F2
:1042F0000EF5745C0CF1080CB0EB5C2F08D80EF5D1
:10430000807EA0EB5E20C0B20B6010705DF804FBF5
:10431000013300200B6010705DF804FB6F0C01008E
:104320002DE9F04180460C4617461E4600F054F930
:10433000D0B13D4B9C426FD83C4A3D484FEA1851A2
:1043400041EA0431A2FB0143C8F30F149B0B04EBB9
:10435000014400FB1344A2FB04243648A40B44EAA6
:10436000034400FB148819E0334B9C4258D82F4A71
:104370002F484FEA587141EAC401A2FB0143C8F338
:104380004F349B0B04EB014400FB1344A2FB0424B9
:104390002A48A40B44EA034400FB148848F237631C
:1043A0004FEA583503FB05F52B0C43F60952244D13
:1043B00002FB138101FB05F56D0D05FB02F205EB18
:1043C000432502F574530833B1EB532F21D802F57E
:1043D0008072A1EB5222D2B2069B1A7000F0FCF858
:1043E00058B1E3035D194FEA544444F10004C6E9AF
:1043F0000054C7F80080BDE8F08123065D194FEA3C
:10440000142444F10004C6E90054C7F80080BDE854
:10441000F08101350022DFE79A219B2002F0B4FDF4
:104420009F219B2002F0B0FD3F420F0083DE1B4323
:10443000000024F440420F00FF7F841E0080841E91
:104440006F0C0100420B48F2376303FB02F2120CBF
:1044500043F6095C074B0CFB120101FB0333013BE4
:104460005B0D0CFB03FC5002B1EB5C2F88BF0130ED
:10447000184470476F0C010010B5094A92F80033D8
:10448000202B03D13E21022002F07EFD18214B4358
:10449000D018BDE81040D35840680321184700BF2A
:1044A000980C00200D4B0E491B78012B14BF4FF4C4
:1044B000E0224FF4C02222F48022C1F8482318BF22
:1044C0000023C1F80823074A99000A440021012B60
:1044D00042F8041B00D170470123F8E7D80F0020F1
:1044E00000B0004040B1004008B5124BD3F804259D
:1044F00022F00302C3F80425D3F8082542F0030292
:10450000C3F80825102292FAA2F2B2FA82F2092A1E
:1045100004DD09484FF4737102F02CFDC3F8102537
:104520000122DA60054B4FF48072C3F880211A60D3
:1045300008BD00BF00800040842F010000E100E0C2
:10454000114B4FF40062C3F88020BFF34F8FBFF3CD
:104550006F8FC3F880210D4B01225A609A60D3F807
:104560000425002AFBD10A49C3F808134FF4E021BF
:10457000C3F84813C3F84021C3F84421C3F84821C5
:10458000C3F80421704700BF00E100E000B0004024
:10459000020007000D4B4FF48072C3F88020BFF378
:1045A0004F8FBFF36F8FC3F88021094B01214FF06C
:1045B000FF325960C3F808230022C3F84025C3F82E
:1045C00040211961034B9A70704700BF00E100E081
:1045D00000800040D80F0020014BD878704700BF02
:1045E000D80F0020014BD3E904017047D80F0020F9
:1045F000044B054AD878054B002814BF10461846CE
:10460000704700BFD80F002040420F000080841E7A
:10461000044BDB78002B14BF4FF400404FF0807048
:10462000704700BFD80F0020044BDB78002B47F603
:10463000FF7008BF6FF07F40704700BFD80F0020A9
:10464000044B054AD878054B002814BF104618467D
:10465000704700BFD80F00203F420F00FF7F841E2D
:10466000044BDB78002B14BF4FF480404FF4000064
:10467000704700BFD80F002070B50246EFF31085D9
:1046800072B611491148CE7856B9D0F80445D0F821
:1046900004318BB18B6901338B61C0F80461F4E79D
:1046A000D0F84831D0F8044533B1FFF7D9FFB4EB67
:1046B000500F34BF0123002389690B4405B962B64A
:1046C000C2E90043104670BDD80F002000B0004082
:1046D00008B5094BD3F80425821AFFF7A5FF02405D
:1046E000012A06D9FFF7BCFF82428CBF02200020BE
:1046F00008BD0120FCE700BF00B000400228F8B56B
:104700000446174604D94FF4DD716C2002F03CFCDE
:10471000114BDB784FF48035854013B109B9002087
:10472000F8BD0E4B0E4EA20013440022C6F80853EB
:104730000846C6F848531A60FFF7CAFF0028EED1B2
:1047400004F5A87446F824100FB1C6F80453C6F84F
:1047500044530120E4E700BFD80F002040B10040DF
:1047600000B00040044B054AD878054B002814BF20
:1047700010461846704700BFD80F002020A1070040
:104780000040420F014BD3F80405704700B00040D1
:1047900070B50F4B0F4D104A104C0026C5F8006144
:1047A000C3F8A8254FF40022C3F8AC45C3F804258C
:1047B00004F03AFDD5F800312BB10123C5F80061B2
:1047C0006360E360F4E7013041F1000170BD00BFB8
:1047D00000F0014000B0004000B100400080004007
:1047E000B1F1FF3F08BFB0F1FF3F2DE9F0412D4C83
:1047F00005460E461ED12C4BD3F80031ABB12B4BE6
:104800002B4AC3F80825FFF74DFE00232377FFF757
:10481000C1FEFFF769FEFFF7BBFF0223C4E90401F5
:104820002370FF236370012739E004F0FDFCC51CF1
:1048300041F10006D4E90483B34208BFA845F2D091
:104840001A4B1B4AC3F80825FFF72CFEFFF7ECFEB6
:10485000002200EA05011046FFF750FF0746F0B1BD
:104860002378012B07D1FFF7DFFE00EA0800FFF7EE
:104870002FFF0128F6E700232377FFF78BFEFFF7D2
:1048800033FE0A4A01234FF000412370C2F8041599
:1048900004226270044AC4E90456C2F84833384618
:1048A000BDE8F081D80F002000B0004000F00140CA
:1048B0000000088037B540B1041FE4B2022C13D9C0
:1048C00040F23E416C2002F05FFB214B4FF48032FE
:1048D000C3F80823C3F84005C3F84001D3F84031BA
:1048E0000093009B03B030BD1A4D2B7893B16A78CA
:1048F00082420FD1184A1949C2F80815012B01D17B
:10490000FFF748FE00232B704FF0FF324FF0FF33CC
:10491000C5E90423124A4FF48033A340C2F8083398
:10492000C2F8483304F5A87352F82300FFF7D0FE0D
:10493000012818BF0B4B22B24FEA84041CBF002190
:104940001951084B53F822300193019BCAE700BF6D
:1049500000800040D80F002000F0014000000880D7
:1049600000B0004040B1004010B5224B114630B1BC
:10497000041FE4B2022C2AD940F2F9310BE0D3E94A
:104980000402B2F1FF3F08BFB0F1FF3F06D19B78B0
:1049900023B940F2D1316C2002F0F6FA11B940F29D
:1049A000D531F8E7144A4FF48033C2F804330123B9
:1049B000C2F840155364D2F8440500248142C2F87D
:1049C000444515D82046FFF775FF204610BD1A78DC
:1049D0002AB15B78834202D140F2F531DBE7FFF781
:1049E00023FE012201402046BDE81040FFF786BEAD
:1049F0001846EBE7D80F00200080004038B5364C51
:104A0000FF2300204FF0FF3223774FF0FF33C4E93C
:104A100004232070A061FFF7BDFDFFF791FD2F4A31
:104A20002F4BC2F800024FF400611960A0682D49B5
:104A300088B901230B60E378002B47D0FFF710FE05
:104A40000023421E0620FFF78FFF60BB40F2672164
:104A50006C2002F099FA244B244DC3F8A855C3F8F2
:104A6000AC05C3F85C194FF40021C3F80415052107
:104A7000C2F8401501211160D2F840110029FBD085
:104A80004FF40021C3F8081501215160D1600021C5
:104A9000C2F84011C2F84015C3F8A815C3F8AC1508
:104AA000C3F8AC15C7E722791149D30003F180435D
:104AB00003F5F833C3F81015A1F5A071C3F8141568
:104AC00001239340084AC2F8083538BD054B02223D
:104AD000C3F80423F9E700BFD80F0020008000408E
:104AE00000E100E000B0004000F0014040810040E3
:104AF00048B1004008B5FFF7D5FC054B4FF0FF3239
:104B0000C3F808230022C3F84025C3F8402108BD9C
:104B10000080004008B50122084B10B1C3F84423BF
:104B200008BDC3F84823FFF735FD054B4FF0FF31B3
:104B300018704FF0FF30C3E90401F1E700B0004006
:104B4000D80F00202DE9F041334D344EDFF8D080EE
:104B50000024D5F804334FF48031A140194221D00C
:104B600056F82430A700EBB198F803305BB1022C63
:104B700009D1062001F060FDBB599BB940F2734199
:104B80006C2002F001FA04F5A87355F82300FFF732
:104B90009FFD38B10023201DBB51C0B2C5F80813DA
:104BA00001F04AFD0134032CD3D11D4A1A49D378B0
:104BB00043B3D1F84831FBB1FFF736FDD1F8484592
:104BC00015790123A04203FA05F317D1D1F80405A2
:104BD0008442FBD0916901319161124AC2F80835D3
:104BE000FFF73EFD0219FFF71FFD0B4B0240C3F814
:104BF00048250022C3F84821BDE8F081094AC2F8DF
:104C00000435EDE7D1F804010028F5D0C1F80431EE
:104C1000936901339361EFE700B0004040B1004079
:104C2000D80F002000F0014010B51C4C237FFF2B53
:104C30002DD0237883B10122022BA27021D1184BF1
:104C40004FF40022C3F80825002323704FF0FF32F1
:104C50004FF0FF33C4E90423124BD3F80423D203EB
:104C60001BD5D3F84021C2B14FF480320020C3F8E5
:104C70000823C3F84001FF232377BDE8104001F06B
:104C8000DBBC022360782370FFF714FEE4E7054BDA
:104C9000D3F804330BB10720EFE710BDD80F002085
:104CA00000F00140008000402DE9F04F95B01C4617
:104CB0000492CDE90101FFF795FC182305460F4644
:104CC0000820B84904EB440213FB0404631801EB09
:104CD000C2026458197BD3F8049093F80DA0059193
:104CE000083201F1010B0FCA0DF1380C8CE80F00EE
:104CF0000394FFF799FC2040FFF7A2FA8046FFF7E4
:104D000031FD0090FFF774FC0646FFF799FC8045E3
:104D100008EB0B0200F2BA81009B9B4500F3B181C6
:104D2000B24280F28F80002AB6BF9319009200939E
:104D3000FFF7F8F9BAF1010F834609D0DFF868826E
:104D4000D8E90223B3F1FF3F08BFB2F1FF3F4CD0D7
:104D5000FFF702FAB7F1FF3F08BFB5F1FF3F06903A
:104D600003D0AC4279EB07036FD2019B03210022F1
:104D7000E31A8B4261DBDFF83082D8E902319C42D2
:104D800079EB010045D2B1F1FF3F08BFB3F1FF3F1E
:104D900040F08681019B0792E61A029B69EB030BA8
:104DA000FFF7DAF90930C31786427BEB030380F083
:104DB000E380049B079A012B00F0E880002A48D189
:104DC000B7F1FF3F08BFB5F1FF3F42D0291B67EBAA
:104DD0000903042973F1000080F23D81012973F178
:104DE00000032ADA9346039544E00028B0D1FFF788
:104DF000B3F9B7F1FF3F08BFB5F1FF3F069004D00C
:104E0000AC4279EB070380F0AD80019BC11C01220D
:104E1000AEE7BBF1000FBDD1B1F1FF3F08BFB3F169
:104E2000FF3FB7D00698E31A69EB0101834271F1A5
:104E30000003AFD2BAF1010FACD00026304615B056
:104E4000BDE8F08F931B009372E700212B460A46C2
:104E50008EE720464946FFF7C3FC4FF0000B0028C1
:104E6000EBD0B9F1FF3F08BFB4F1FF3F00F0138171
:104E700025464F46FFF7D8FB039B1840FFF7E0F9A4
:104E80000646FFF76FFC0190FFF7B2FB0290FFF7B9
:104E9000D7FB009B01999A1B91420DD8A6EB030CFE
:104EA000614500F2B7809042C0F0D080604580F04C
:104EB0000181029A32449A1AD3170020FFF754FD59
:104EC00006460028B9D0BAF1010FD8E902236FD005
:104ED000BBF1000F40F08780B3F1FF3F08BFB2F194
:104EE000FF3F00F0C780D8F818304FF08042012013
:104EF000C2F808051860FFF70DFEB8F81030002B57
:104F000040F09D8000238DF8483008934FF0FF3229
:104F10004FF0FF33CDE90A23DDF814808DF845A06A
:104F2000CDF83C908DF844800E940DF1200CBCE837
:104F30000F001E4F3D460FC5BCE80F000FC59CE893
:104F40000F0085E80F0020464946FFF787F94346E2
:104F500001331B1841F100013046C7E9043115B097
:104F6000BDE8F08F98F81030002B069B14BF00218D
:104F7000194601222B46FBE620464946FFF730FC46
:104F8000BAF1010B18BF4FF0010B68E7B7F1FF3F13
:104F900008BFB5F1FF3F00F0888003954FF0000B8C
:104FA00068E700BF980C0020F80F0020A00F002039
:104FB000B3F1FF3F08BFB2F1FF3F1AD1BBF1000FC1
:104FC0002BD1B8F81030002B39D1BAF1010F99D19B
:104FD000621E69F100030520FFF7C6FC002840D0DF
:104FE00088F811A08EE7B3F1FF3F08BFB2F1FF3F91
:104FF00013D0FFF791F8D8F818204FF0804C002319
:105000004FF0FF304FF0FF31C8E902011360CCF8D8
:105010000835D3E7CCF100024EE7069BEA1A67F1A8
:1050200000030520FFF7A0FC00283FF406AF98F826
:105030001030002BC9D1012388F81030C5E70520B6
:10504000FFF738FC0023A8F81030BEE71A46029B91
:105050001A44921B30E7204649469346FFF7C0FBAF
:10506000FDE6D8F818304FF08042C2F808A5C3F822
:1050700000A047E7FFF74AF804F0D6F8C8E90201B4
:1050800031E740F23141702001F07EFF4FF486613C
:10509000702001F079FF4FF4FB61702001F074FF84
:1050A00040F2BF71702001F06FFF40F23B71702041
:1050B00001F06AFF40F6B201702001F065FF00BF09
:1050C0002DE9F04F8F4FBC7C04EB44033B4483B08D
:1050D0005D78202D4AD08C4BE6B26400002B00F0A6
:1050E0008D808A4BDFF82892002B61D005EB4612A9
:1050F00007EB420A4FEA46189AF81C30013BDBB234
:10510000052B36D8834A12F803B0BBF1080F30D014
:10511000EFF31083019372B634443C44AFF3008044
:105120009AF81D206270A278019BAA4204BF202237
:10513000A27013B9AFF3008062B6A84405EB450531
:1051400009EBC50207EB4808506859F835300122D1
:10515000594688F81C209847BC7C04EB44033B4428
:10516000E6B25D78202D4FEA4404BFD103B0BDE81C
:10517000F08F40F20571702001F006FF62B6A8447E
:1051800005EB450509EBC50207EB4808506859F8DF
:1051900035300122594688F81C209847BC7C04EB26
:1051A00044033B44E6B25D78202D4FEA4404DDD051
:1051B00005EB461207EB420A4FEA46189AF81C30F4
:1051C000013BDBB2052BD4D8524A12F803B0BBF135
:1051D000080FCED0EFF31083019372B634443C44F1
:1051E000AFF300809AF81D206270A278019B95426F
:1051F00004BF2022A270002BC1D1BFE7434BDFF8D0
:1052000014B1DFF80CA14FF02009002B4FD005EBB3
:10521000461207EB42024FEA4618137F013BDBB20E
:10522000052BA6D81BF803100829A2D0EFF3108392
:1052300072B634443C44527F6270A278954208BFF3
:1052400084F80290002B52D0A84407EB480805EBE5
:1052500045050AEBC5025AF835305068012288F836
:105260001C209847BC7C04EB44033B44E6B25D78C9
:10527000202D4FEA4404CAD178E762B6A84405EB72
:1052800045050AEBC50207EB480850685AF8353067
:10529000012288F81C209847BC7C04EB44033B4463
:1052A000E6B25D78202D4FEA44043FF45FAF05EB92
:1052B000461207EB42024FEA4618137F013BDBB26E
:1052C000052B3FF656AF1BF8031008293FF451AFEA
:1052D000EFF3108372B634443C44527F6270A2787C
:1052E000954208BF84F80290002BC7D1C5E7019111
:1052F000AFF3008062B6A844019905EB450507EBC2
:105300004808A6E7F80F0020000000000000000099
:10531000980C0020242901002DE9F04F85B0DFF81A
:105320000C81019301EB41034FF0200C18F803406E
:1053300003916445924682F800C073D04B01DFF8B8
:10534000F09006469B4610E0727B012A02D0427D17
:10535000012A57D00BEB040308EB43038AF8004003
:105360005B7F202BA4465DD01C4604EB440009EB78
:10537000C000D0E9032387683568716813EB070E16
:1053800042F10002754571EB02024FEA4403DBD2A1
:105390001D46019B83F800C0039B4FEA431B28195D
:1053A00009EBC0003768B368D0F808A07268C1681C
:1053B000DB1942F100029A4571EB020310D3437DE1
:1053C000012B02D0737B012B03D0012005B0BDE877
:1053D000F08FFEF7C1FEAAEB070701308742F4DA2F
:1053E000019A254409EBC5051470A97DB27B0BEB2E
:1053F0000403914208EB430310D95C7F202CE4D0D6
:105400006500CCE70293FEF7A7FEED1B0130854255
:10541000A0DA029B9AF800C01D46BAE7002005B04A
:10542000BDE8F08F019B1C70CFE700BFF80F002094
:10543000980C00202DE9F04F83B00C4615461E460F
:105440009DF83070FEF7FEFF22686368451946F14B
:105450000006954276EB030342D3DFF88C8005E02B
:105460005D4576EB09033BD3C4E900B90DF10703B1
:105470000DF1060239462046FFF74EFF88BB9DF826
:10548000073003EB430308EBC303D3E902A01A6917
:105490001AF1030B40F1000012EB0B0B627B40F1A1
:1054A0000009012ADCD05B7D012BD9D1FEF754FE27
:1054B000ABEB0A0301308342D2DA9DF8073003EBED
:1054C000430308EBC303D3E902B9FEF745FE0130FD
:1054D00010EB0B0B49EBE0795D4576EB0903C3D28A
:1054E000002003B0BDE8F08F980C00202DE9F047B4
:1054F00015461C4612782F7A95F809C088B000230B
:10550000E360C4E90033A7739DF8408084F80DC0C0
:105510000646A360E2730F46E2B9FEF79FFE80469F
:105520008946FFF759F8002844D0D5E9040118F15D
:10553000270849F10009404571EB09034DD2013EAE
:1055400047F1FF37C4E900674FF47A73A36008B0EE
:10555000BDE8F087FFF74CF804F10C02013806A90A
:10556000FEF7B2FE3E4B1B78202B65D03D498B6980
:10557000D1E90721093342F1000A13EB01094AF18D
:10558000000A6B68207B1844023004AA04F1080169
:10559000C4E9009AFEF798FE2869CDF800803246EB
:1055A0003B462146FFF746FF08B9C4E9006708B04B
:1055B000BDE8F087D5E904012B4B18EB030349F153
:1055C0000002984271EB0203B9D218F1270849F1A1
:1055D0000009404571EB0903B1D3461E41F1FF3785
:1055E00004F10C03009303AA04AB30463946FEF7DE
:1055F00097FE68680025023045F100010DF10B03AC
:10560000801947EB010103AA009306ABFEF788FE61
:10561000DDE905030499079A5B1AC4E900104FF00D
:10562000FF3162EB0002994275EB02028ED240F22A
:10563000EC41702001F0A8FC637B16F1090947F1E9
:10564000000A012B9DD0FEF76DFD002899D1FEF7D1
:1056500083FD10EB090399464AF1000A91E700BF68
:10566000980F0020A00F00200040420F2DE9F04FBE
:1056700001EB4103994C14F8038083B0B8F1200F7B
:1056800001910D4606464FEA41073ED1944B0BB1BE
:10569000AFF3008003F0C8FDE37C202B81468A46EF
:1056A00009D0904B811CD3E906024AF100038842DD
:1056B00072EB03034ED3B8F1200F00F08980FEF7A0
:1056C0008BFF98B1884A08EB480302EBC302D2E98A
:1056D000022B0192FEF7C4FF019A10EB09004AF178
:1056E000000182427BEB010380F0CD8032464846C8
:1056F00051464346FFF7D8FA002800F0918084F81D
:105700001380022003B0BDE8F08F03F08DFDDFF8B9
:10571000D8A10190C4464FF020096B0106E092F831
:105720001DE0BEF1200FE14621D0F4460CEB4C0EFB
:105730000AEBCE0EDEE902BE834503EB0C027EEBE4
:10574000010E04EB42029B46E9D3B9F1200F05D1CB
:10575000E0459BD0002003B0BDE8F08F09EB451376
:1057600004EB4303CC4693F81DE04FEA451B7B193D
:10577000042014F8039004F803E049460BEB0103FE
:1057800004EB43030A4694458E461877597FF5D1BA
:105790007B1923445A4493F802C0BCF1200F5FFAEE
:1057A0008CF008BF83F8019007EB050318BF58443D
:1057B000234418BF04EB400004EB420283F802E0EC
:1057C0004FF0200318BF80F81D908C465377BFE739
:1057D000D4E90223B3F1FF3F08BFB2F1FF3F0ED07F
:1057E000FEF79AFCA1694FF0804200234FF0FF368C
:1057F0004FF0FF37C4E902670B60C2F80835238A0F
:10580000002B3AD10420FFF755F8FFF773F9002079
:10581000FFF780F920230120E37403B0BDE8F08F87
:105820007A1908EB451304EB4303A05C5B7FA35498
:105830004FEA451B034604211A465B4404EB43032D
:10584000904519775B7FF7D17B1923443D449E78BF
:10585000202EF1B21CBF594404EB4101934404EBE8
:105860004B0B2C4414BF4877587000202023A270A3
:105870008BF81D3003B0BDE8F08F0520FFF71AF854
:1058800000232382BEE7D4E90223B3F1FF3F08BF20
:10589000B2F1FF3F0ED0FEF73FFCA2694FF0FF319F
:1058A0004FF080434FF0FF30C4E902010021116046
:1058B000C3F80815238A5BB90420FEF7FBFFFFF746
:1058C00019F90020FFF726F92023E374022019E7D5
:1058D0000520FEF7EFFF00232382EDE7F80F0020FD
:1058E00000000000A00F0020980C002038B5164AD8
:1058F000164D4FF0FF304FF0FF310023C2E9020197
:10590000C5E90201202142F22000A970136082F84B
:105910002830E9741C462880AB742B8205F11C02E8
:1059200002F814300134202CFAD1094801F0EAFCC5
:10593000084B094A1C70107001F0D4FDA861FFF7F4
:105940005DF801232B7538BDA00F0020F80F002053
:10595000C1500000980F0020D00F00202DE9F04F1B
:1059600087B003F061FCDFF80CA306460D46FFF795
:10597000C1F84FF0FF334FF0FF32CAE902239AF823
:105980002830D3B9DAF81830DAF82020DAF81C1009
:10599000B948023341F100019B1802F5DF62A0FB18
:1059A00002024FEA922241F100019B1841F10002EC
:1059B0009E4275EB020380F094814FF0FF304FF070
:1059C000FF31FEF70DFF002800F0A081AB4A1378ED
:1059D0000593202B00F09581A94C20231370E374CC
:1059E000A37C0022CAF8002003EB4302A75CDAB2D2
:1059F000202F4FEA4303039204930BD0DFF88482F5
:105A000007EB470308EBC3034FEA4709DA7D012A96
:105A100000F0EC80DDE903329A4F02EB0309A14468
:105A20005D0199F80060202E1BD003F0FDFB32468B
:105A30004FF0200E07E0AB1804EB430396465B7F64
:105A4000202B5FD01A4602EB420307EBC303D3E9D6
:105A500002C384458B41EED3BEF1200F4CD1964258
:105A6000DFD1894B0BB1AFF3008003F0DDFBE37CAA
:105A7000202B80468B4607D0DAE90623023041F11D
:105A8000000182428B41CCD3202E00F08B80FEF7A8
:105A9000A3FD98B106EB460207EBC202D3689268F9
:105AA00002930192FEF7DCFD019A029B10EB0800C5
:105AB0004BF1000182428B4180F0EA80404659461A
:105AC00033460122FFF7F0F8002843D0E674059B27
:105AD000EB1804EB43031A7F022A00F0A680FF2391
:105AE000A371DDE9032313441C446378202B40F0A9
:105AF0008F8007B0BDE8F08F05EB0E0304EB430386
:105B000072465B7F99F800E089F8003070464FF0EC
:105B100004082B1804EB430301468A42587F83F89C
:105B20001C80F6D199F8022089F80210D3B2202AFD
:105B30001CBF5B1904EB4303294404EB410118BF6C
:105B400083F81DE04FF0200308BF89F801E002460A
:105B50004B7784E7AB1904EB430399F800005B7FB4
:105B600089F80030042103461A46EB1804EB43037E
:105B7000964219775B7FF7D199F8021089F80220D5
:105B8000CBB220291CBF5B1904EB43032A4404EB6E
:105B9000420218BF58774FF0200308BF89F8010070
:105BA00053773EE7D4E90223B3F1FF3F08BFB2F1D8
:105BB000FF3F0ED0FEF7B0FA4FF08046A2690023F7
:105BC0004FF0FF304FF0FF31C4E902011360C6F817
:105BD0000835238A1BBB0420FEF76CFEFEF78AFF04
:105BE0000020FEF797FF2023E37470E75B7D012B15
:105BF00066D1033645F1000509EB070308EBC30343
:105C0000D3E90202B042AA4128BFC3E9026501E715
:105C10001E4B187807B0BDE8F04F01F09FBB052080
:105C2000FEF748FE00232382D5E70599154A01EBCC
:105C3000410102EBC102527D022A4FD0DDE903127D
:105C40000A4422440621197791782029CBB241D009
:105C50002B44059A04EB430311465A77DDE903020E
:105C6000024422446B1804EB4303917020225A77BC
:105C700035E700BFA00F00209300DC92980F0020B2
:105C8000F80F0020980C002000000000D00F00202A
:105C9000D4E90223B3F1FF3F08BFB2F1FF3F98D030
:105CA000FEF73AFAA2694FF0FF314FF080434FF010
:105CB000FF30C4E9020100211160C3F8081588E72C
:105CC000FEF730FA002894D1FEF746FA861945F11E
:105CD000000591E7059B53701946BFE701221A772B
:105CE000FDE60D4B0D4A1B78182101FB03F3D0187C
:105CF00007214068D358984740F2B721702001F03F
:105D000043F940F2C221702001F03EF940F2BF2178
:105D1000702001F039F900BF980F0020980C002086
:105D200038B505460C46FEF729FA002822DB14494F
:105D30008B7C01F11C0C5FFA83FE0CEB831C0023AF
:105D400002E00133202B13D01CF81320D8B2002A14
:105D5000F7D10C4A03EB4E1E03EB430301EB4E015C
:105D600042F8335002EBC30301220A775C6038BD6E
:105D7000184638BD4FF44671702001F005F900BF98
:105D8000F80F0020980C00201F2808D80A498B7CA7
:105D900000EB431301EB43031A7F012A01D00020DB
:105DA00070478B7C00EB431301EB43034FF0000C77
:105DB000104683F81CC07047F80F0020014BD3F841
:105DC00040057047008000400378002B40F0D780EA
:105DD0002DE9F04F6F4A5368C3F3080389B0814639
:105DE000002B40F0B8806C4E6C4FDFF8B4B106F178
:105DF0001C0A27B1002140F25D40AFF30080B57C62
:105E0000EDB24FF00003B37127B1002140F26240C0
:105E1000AFF300800AEB851EBEE80F006C1C04F097
:105E200001080AEB881CACE80F00BEE80F00ACE8E4
:105E30000F00BEE80F00ACE80F009EE80F004446DC
:105E40008CE80F002DB227B100214FF47B70AFF327
:105E5000008005EB450504EB44047319725B9B78E5
:105E600032533444A37057B100214FF47C70AFF328
:105E7000008027B1002140F26740AFF3008003F0BB
:105E8000D3F9CDF8008004AB4A4604460D46FFF72F
:105E90002DFB27B1002140F26E40AFF30080414B53
:105EA0001B78202B3FD0DBF81830DBF81C20DBF808
:105EB0002010093342F100025B1842F10002DDE9D3
:105EC0000401984271EB020CCDF8008022D33648D1
:105ED00022462B4604A9FFF7ADFA98B1DDE904018B
:105EE000FEF7BCF99DF81C3001331B1841F100018D
:105EF000C9F81030C9F8141027B1002140F28140D0
:105F0000AFF30080B379002B7FF473AF012009B0A9
:105F1000BDE8F08FCDE9043204A922462B46224881
:105F2000FFF788FADAE79DF81D1014F1090345F12F
:105F300000020129C3D0CDE90232FEF7F3F8DDE912
:105F400002320028BBD1FEF707F9029B039AC3185F
:105F500042F10002B3E7103B59B2002911DB01F115
:105F6000604101F5614191F8000340090028CED05D
:105F7000094E0A4FDFF828B006F11C0A39E7002065
:105F8000704703F00F03043B1344187E40090028B8
:105F9000EED1BCE700ED00E0F80F002000000000AB
:105FA000A00F0020980F00200040420F2DE9F04F75
:105FB000B54A53688DB0C3F3080302900491002BD7
:105FC00040F03B8108230393049B1B78012B00F2D4
:105FD0003082AE4E26B1002140F25D50AFF300801A
:105FE0000023AB4C05934FF0010926B1002140F28C
:105FF0006A50AFF30080B9F1000F04D1A54B0BB18B
:10600000AFF3008062B6A57CEDB24FF00003A37140
:10601000039B002B40F09880A84626B1002140F257
:106020007E50AFF3008003F0FFF8049A009508ABB0
:1060300007468A46FFF75AFA26B1002140F28650F9
:10604000AFF30080DDF808C00CEB481B04EB4B0BF2
:106050004FEA48199BF81C30013B012B72D8DDE94F
:10606000082302374AF1000ABA4273EB0A0380F0B0
:10607000BC8008EB48022244042390788BF81C3043
:1060800020284FEA4803C1B200F08B81494404EB59
:106090004101624681F81DC043442344914404EB0E
:1060A00049099A70202389F81D30002305930127A0
:1060B00026B1002140F28B50AFF30080EFF310883F
:1060C000C14672B6744B0BB1AFF30080A379002BBD
:1060D0008BD1029A714B02EB420C03EBCC0C08AB58
:1060E0000FCB0CF1080C8CE80F008FB1039B002B39
:1060F00000F0C380059B23B1694B1B78202B00F077
:106100005481A37CDB4303F00103A374FF23A37139
:10611000B8F1000F04D15F4B0BB1AFF3008062B652
:1061200026B1002140F2C250AFF30080002F4AD1C7
:1061300026B1002140F2CE50AFF3008038460DB0BA
:10614000BDE8F08F0027B3E7564B05F1010A0AF0CE
:10615000010A03EB851E03EB8A1CBEE80F00ACE8C6
:106160000F00BEE80F00ACE80F00BEE80F00ACE87F
:106170000F009EE80F002DB28CE80F00D0460FFAFA
:106180008AF726B100214FF47B70AFF3008005EB56
:10619000450507EB47076319625B9B78E253274489
:1061A000BB7056B100214FF47C70AFF3008026B174
:1061B000002140F27450AFF30080A379002B7FF4EC
:1061C00014AF554629E7A37C03EB43031C446378D3
:1061D000202BADD026B1002140F2C950AFF3008092
:1061E000314B187801F0BAF8A2E70DF11F030DF159
:1061F0001E02294608A8FFF78FF80590002855D100
:1062000008EB48022244042390788BF81C302028A5
:106210004FEA4803C1B200F0B880494404EB4101A1
:10622000029A4A7743442344914404EB49099A7003
:10623000202389F81D3001273AE7103B59B2002985
:10624000C0F2A78001F1604101F5614191F800338E
:106250005B090393002B7FF4B7AE114B1B78202B07
:1062600000F0EC80049B1B780393002B3FF4B1AE4D
:1062700040F25651702000F087FEFF23A371B8F161
:10628000000F7FF44DAF46E700ED00E00000000096
:10629000F80F00200000000000000000980C002013
:1062A000980F002014100020D00F00209DF81E70C1
:1062B0009DF81FC0674519D1202F00F0A68009EB7B
:1062C000070304EB43035B7F8BF81D304F4404EB63
:1062D0004707029B7B770023029A059F0593914411
:1062E00004EB4909032389F81C30E1E6BCF1200FD7
:1062F00000F0A98009EB0C0304EB4303202F597F26
:1063000000F08B8009EB070204EB42024FEA4803DE
:1063100092F81DB0517758464FF0050A09EB00027C
:1063200004EB420201468C45864682F81CA0507F51
:10633000F4D103EB08022244494492F802A0BAF1D6
:10634000200F08BF82F801B003EB080222445FFA75
:106350008AFC18BFCC4482F802E0029A18BF04EB12
:106360004C0C4A4418BF8CF81DB004EB41014FF0AF
:10637000200C04EB4202674581F81DC05077A5D17F
:106380004344029AE254059BA6E7029951700A46DB
:1063900048E703F00F03043B13441B7E5B090393A0
:1063A00058E782F801C0624676E629460220FFF7E8
:1063B0005DF900287FF4A5AEA37CDDF808C003EBEF
:1063C000430020440CEB4312857804EB4202042185
:1063D000202D1177DFB24FEA4312E9B24FEA4303AF
:1063E00023D0114404EB410181F81DC061463B44B8
:1063F00023440A4404EB420299702023059F5377FB
:10640000B8F1000F7FF48CAE85E608EB4803E35C3F
:106410008BF81D304FEA4803B2E708EB48024FEA19
:10642000480314F802B0A15475E7614680F801C032
:10643000DDE740F25A51702000F0A6FD40F25351C2
:10644000702000F0A1FD4FF4EC71702000F09CFD75
:106450002DE9F84F734CDFF8D08105464FF0010A63
:1064600004F11C0BB8F1000F04D000214FF4BC6004
:10647000AFF30080BAF1000F04D16C4B0BB1AFF356
:10648000008062B64FF00003A371B8F1000F04D092
:10649000002140F2E550AFF30080A67C0BEB861E96
:1064A000BEE80F0006F1010909F001070BEB871C9C
:1064B000ACE80F00BEE80F00ACE80F00BEE80F002C
:1064C000ACE80F009EE80F00B9468CE80F00B8F169
:1064D000000F04D000214FF47B70AFF3008006EB77
:1064E000460607EB4707A319A25B9B78E2532744B4
:1064F000BB70B8F1000F04D000214FF47C70AFF3F3
:106500000080A37903F0FF01002B7CD1B8F1000FCC
:1065100003D040F2EF50AFF3008005EB491304EBDA
:1065200043034FEA49161A7F032A6AD109EB49024D
:10653000A75CBD4271D0202F63D03B4601E0202BE9
:106540005FD0F21804EB42021946537F9D42F6D108
:10655000202D56D07319314404EB430304EB410161
:106560005B7F4B77B8F1000F0CD0002140F25E301A
:10657000AFF30080B8F1000F04D0002140F2F450D6
:10658000AFF300802E4404EB460601233377B8F1C5
:10659000000F04D0002140F2FD50AFF30080EFF374
:1065A000108A72B6224B0BB1AFF30080A379002B97
:1065B0007FF458AFBD4203D11E4B1B78202B1AD05D
:1065C000A37CDB4303F00103A374FF23A371012425
:1065D000BAF1000F04D1154B0BB1AFF3008062B6D6
:1065E000B8F1000F04D0002140F21F60AFF300802B
:1065F0002046BDE8F88F49460220FFF737F800280B
:10660000DED10024E4E7B8F1000F3FF433AF0021FE
:1066100040F2EB50AFF3008024E7202DF1D05B7FF8
:10662000A3549FE7F80F00200000000000000000C6
:1066300000000000980F0020F0B587B0072813D89D
:10664000DFE800F04512121212230414894CA37CD7
:1066500003EB4303E75C02F0E7FD06460D46FDF75A
:10666000BBFF002840F0838007B0F0BD824B834A17
:106670001B7803EB430302EBC30052F8333040684E
:10668000042107B0BDE8F04018477A4C237C002B6A
:1066900061D0D4E90223B3F1FF3F08BFB2F1FF3F5D
:1066A00000F0D2800120FEF735FA754BD3E90623BE
:1066B000013A4FF0000163F1000305202174FEF759
:1066C00053F9002800F09A8001236374CCE7694CE9
:1066D000D4E90223B3F1FF3F08BFB2F1FF3F00F05E
:1066E0009580A369644D4FF080420120C2F80805EF
:1066F0001860FEF70FFA2B78202B00F08E80604E8A
:1067000096F82520012A57D0FDF70CFD03460028F6
:1067100051D194F89C200132D2B2312A84F89C20C5
:1067200000F2A3804FF47A7228786946CDE90032EE
:10673000CDE90233CDE90433FFF738FC002800F03F
:106740008F8096F82840012386F82830FFF706F955
:1067500086F8284088E7627C002A3CD0A1696374EF
:106760004FF080400122C0F808250A607CE7424BC8
:106770001B78202B7FF478AFE37C202B7FF474AF61
:10678000202F3FF471AF3D4A07EB470302EBC303F1
:10679000D3E90274FDF764FF801945F100018742D7
:1067A00074EB0103BFF460AF364B187807B0BDE857
:1067B000F04000F0D3BD2B78304A03EB430302EBEB
:1067C000C30052F833304068002184F89C1007B0B1
:1067D000BDE8F0401847284B284A1B78284903EBAE
:1067E00043034FF0FF344FF0FF35C1E9024502EBA0
:1067F000C30152F833304868052142E7A2694FF0DF
:1068000080410123C1F8083513602DE7FDF77EFCB8
:1068100002F00AFDC4E9020163E7A37C03EB430134
:10682000DAB2635C202B16D003EB421204EB420277
:10683000507F6054FF21A171114E2B7002211177FE
:10684000002286F828205BE7FDF760FC02F0ECFCF4
:10685000C4E9020126E74FF41371702000F094FBA5
:1068600040F24961702000F08FFB40F245617020DA
:1068700000F08AFBF80F0020980F0020980C0020F1
:10688000A00F0020B0000020F0B5304B1B78202B6B
:1068900087B051D02E4CD4E90223B3F1FF3F08BF9B
:1068A000B2F1FF3F4DD1D4E904310DF10B02C01814
:1068B00041F1000104AB009203AAFDF731FD9DF800
:1068C0000B20DDE904310F2A94BF002201229B181E
:1068D00041F10001C4E90231FDF77EFE30B9D4E98F
:1068E00002230520FEF740F807B0F0BD02F09CFC43
:1068F000A36805461F1A0E46FDF7B2FE874210D266
:10690000A568FDF791FE2842D4E90223E9D1013AB6
:1069100043F1FF330520C4E90223FEF725F807B051
:10692000F0BDFDF79DFE013D46F1FF312D1841F10F
:106930000001C4E90251E4E740F66C01702000F068
:1069400023FB40F66D01702000F01EFB980F002025
:10695000A00F0020FDF716BF2DE9F04F954B1D78D5
:1069600087B0202D019000F01F81DFF84C92DFF8F6
:106970004C8299F8123003EB43030646D8F8000026
:1069800019F80340D8F8183003938B46D8F8203014
:10699000029330440DF1130205A9FDF795FC312E49
:1069A00003D8012007B0BDE8F08FDFF814A205EB93
:1069B00045050AEBC502D2E9036793680093059D7C
:1069C000FDF7D0FE019B9842009BEAD3EB18D8F864
:1069D000185046F10006DF19D8F81C3046F10006C1
:1069E0007D1B66EB0306FDF73BFE0023A842B34187
:1069F000D7D3D8F8185099F81220D8F81C3088F856
:106A000026B0781B202CC8F82000D2B200F0BF803E
:106A10005201DE462021934604EB440C0AEBCC0CD9
:106A2000DCE90272401943F10003874272EB030371
:106A30004FEA440643D39CF81530012B03D098F855
:106A40002530012B31D005200091FDF733FF00994F
:106A500099F812004FF0FF324FF0FF332029C8E9B8
:106A60000223C0B240F0918000EB4000202419F8CE
:106A70000030504A99F81210127802EB411209EBDB
:106A800042025377D8F80030019A1344C8F8003016
:106A9000FF2389F80630202C31D04A4B187800F0BB
:106AA0005DFC002007B0BDE8F08F0091FDF754FBBE
:106AB0007D1B013085420099C5DA98F826E026440E
:106AC0000AEBC606B37D73450DD90BEB040309EB46
:106AD00043035B7F202B16D02146D8F820001C46AC
:106AE000D8E9065398E7DDE90231D8F818205B1899
:106AF0009B1A0220C8F8203007B0BDE8F08F0020B4
:106B000007B0BDE8F08F0520FDF7D4FE4FF0FF324F
:106B10004FF0FF3399F81200C8E90223C0B204EB2A
:106B2000401309EB430346005A7F00EB4003410149
:106B300019F803A009F803204FF0050C5346CF18AD
:106B400009EB47071A4694421D4687F81CC07B7F15
:106B5000F5D137184F440A4497F802E0BEF1200FF0
:106B60005FFA8EFC18BF8C44304418BF09EB4C0C04
:106B700009EB420248444FF0200114BF8CF81DA0DD
:106B800087F801A08570517773E70C46C7E70520A9
:106B9000FDF790FE99F812004FF0FF324FF0FF33EF
:106BA000C8E90223C0B25FE740F6F201702000F0AE
:106BB000EBF900BF980F0020F80F0020A00F002075
:106BC000980C0020D00F00202DE9F84F9A4CA37CA0
:106BD00000EB431304EB43031B7F002B00F02781E2
:106BE000A77CDFF858820546FFB2B8F1000F04D049
:106BF000002140F63110AFF300807E0105EB47170E
:106C000004EB4707B8F1000F40F0D980771904EB87
:106C100047073B7F012B08D0043B022B40F2C58085
:106C200002F02FFB3B7F012BF6D1DFF814A24FF0CF
:106C3000010BB8F1000F04D0002140F64810AFF36B
:106C40000080BBF1000F04D17E4B0BB1AFF300808D
:106C500062B64FF00003A371B8F1000F04D0002119
:106C600040F64D10AFF30080A67C0AEB861EBEE80E
:106C70000F0006F1010909F001070AEB871CACE8D7
:106C80000F00BEE80F00ACE80F00BEE80F00ACE854
:106C90000F009EE80F00B9468CE80F00B8F1000F16
:106CA00004D000214FF47B70AFF3008006EB460662
:106CB00007EB4707A319A25B9B78E2532744BB70FD
:106CC000B8F1000F04D000214FF47C70AFF30080C6
:106CD000A37903F0FF01002B40F08580B8F1000F8D
:106CE00003D040F65710AFF3008009EB490323446B
:106CF0004FEA490B5E78B54200F08F80202E2CD0F1
:106D00004FEA491101E0202E27D08B1904EB4303F1
:106D1000324637465E7FB542F5D1202D1DD00A445C
:106D2000294404EB410104EB42024B7F5377B8F155
:106D3000000F04D0002140F25630AFF300800BEB7F
:106D4000090323449B789E425AD0B8F1000F0CD01F
:106D5000002140F25E30AFF30080B8F1000F04D0A4
:106D6000002140F65B10AFF30080EFF31086B346CE
:106D700072B6354B0BB1AFF30080A379002B7FF4D3
:106D800058AF84F81290FF23A37126B92D4B0BB195
:106D9000AFF3008062B6B8F1000F04D0002140F6D6
:106DA0006D10AFF30080BDE8F88F731904EB430357
:106DB0000122DFF88CA01A774FF0010B39E73B7FF7
:106DC000012B3FF432AF043B022B16D9002140F6D1
:106DD0003D10AFF3008002F054FA002140F641105C
:106DE000AFF300800EE7B8F1000F3FF42AAF0021A7
:106DF00040F65310AFF300801BE701233B77ECE72D
:106E0000B8F1000F04D0002140F25930AFF30080F8
:106E10000BEB090323449F7097E7202D9DD005EBD2
:106E2000491204EB42022027527F5A707FE740F656
:106E30002811702000F0A8F8F80F002000000000D2
:106E4000141000200000000000000000BFF34F8F6E
:106E50000549064BCA6802F4E0621343CB60BFF3F6
:106E60004F8F00BFFDE700BF00ED00E00400FA0512
:106E7000094B01225A604FF0FF32C3F80823074B39
:106E80004FF48042C3F88020BFF34F8FBFF36F8F62
:106E9000C3F88021704700BF00E0004000E100E03F
:106EA000094B01225A604FF0FF32C3F80823074B09
:106EB0004FF48052C3F88020BFF34F8FBFF36F8F22
:106EC000C3F88021704700BF00C0004000E100E02F
:106ED000084B0022C3F8FC2F0122C3F8FC2F064BFD
:106EE0000222C3F88020BFF34F8FBFF36F8FC3F828
:106EF000802170470010004000E100E0F8B51B4E13
:106F0000337805460C46174663BB00F06BFAFCF776
:106F100063FD17487760002D18BF28463472FFF7CD
:106F2000D7FFFFF7BDFFFFF7A3FFFDF72DF90546DC
:106F3000B0B9FEF7DBFCFDF719F902F052F9002CAD
:106F40000CDB04F01F026409A40004F1604404F5A2
:106F5000614401239340C4F88031236001233370DE
:106F60002846F8BD4FF0FF35FAE700BF9810002023
:106F70002A29010008B572B6024B5B6803B1984735
:106F8000FFF764FF981000201FB572B6134B5D68C1
:106F90008DB9FFF75BFFB2FBF6F2DCB20133002ADA
:106FA000F9D104F110036B4403F80C2C0A2234B914
:106FB00001A8A847EDE7024600230A26EDE7631E75
:106FC00004AEDCB256FA83F3B0FBF2F602FB160015
:106FD000303003F80C0C3046E9E700BF9810002071
:106FE000074B93F90830002B09DB5A09012103F004
:106FF0001F0301FA03F34032024941F8223070477F
:107000009810002000E100E0014B1878704700BFA5
:10701000981000202DE9F84FDFF8C4A0314C324D14
:10702000DFF8C890074601269AF800805FFA88F8D2
:10703000FF238AF80030B8F1000F01D08AF8013040
:10704000EFF3108272B600236660C4F80031C4F812
:107050000431C4F8047526603AB962B605E0D4F884
:10706000043133B92B69DB0620D4D4F80031002B6E
:10707000F5D0D4F80431002BE2D1B8F1000F13D1D0
:107080009AF80130DBB28AF8018003214FF4804284
:10709000C4F80813C4F80481C4F80081C9F8802139
:1070A0008AF80080002BBFD1BDE8F88F4FF48043F1
:1070B000C9F88031EFF3108B72B60323C4F80433A0
:1070C000D4F8003113B9D4F804311BB1BBF1000F6F
:1070D000CBD1C2E702F0D5F8BBF1000FC5D1BCE7B8
:1070E000A410002000E0004000ED00E000E100E01E
:1070F00070B51646DA078CB01D4686468C4640F1C0
:10710000A280C37B8DF80030837B8DF80130437BF8
:107110008DF80230037B8DF80330C37A8DF804308C
:10712000837A8DF80530437A8DF80630037A8DF82E
:107130000730C3798DF8083083798DF809304379A9
:107140008DF80A3003798DF80B30C3788DF80C3048
:10715000837842788DF80D3003788DF80F308DF8F4
:107160000E20CA7B8B7B8DF810208DF811304A7B66
:107170000B7B8DF812208DF81330CA7A8B7A8DF83C
:1071800014208DF815304A7A0B7A8DF816208DF878
:107190001730CA798B798DF818208DF819304A7913
:1071A0000B798DF81A208DF81B30CA788B788DF802
:1071B0001C208DF81D304A780B788DF81E208DF834
:1071C0001F306C462046FFF725FFAB0731D59DF8F1
:1071D0002F009DF82E109DF82D209DF82C3030703A
:1071E00071709DF82B009DF82A10B270F3709DF815
:1071F00029209DF82830307171719DF827009DF885
:107200002610B271F3719DF825209DF8243030725C
:1072100071729DF823009DF82210B272F3729DF8EE
:1072200021209DF8203030737173B273F3730CB06A
:1072300070BD0DF1200CBCE80F0030607160B260D1
:10724000F3600CB070BDDEF80410DEF80820DEF844
:107250000C3000686C46A646AEE80F00DCF8000073
:10726000DCF80410DCF80820DCF80C30AEE80F0085
:10727000A8E700BF10B5002482B0CDE90044FFF7B5
:1072800037FF02B010BD00BF1B4B4FF4805270B5EA
:10729000C3F88020BFF34F8FBFF36F8F174D184C8B
:1072A0000021C5F80011C3F880212669236943F045
:1072B000100323610123C5F8043306F010062B6088
:1072C000D5F80031A3B11EB9236923F0100323615F
:1072D0000A4B0122D3F808055A60C3F8082300229C
:1072E000C3F80021044B4FF48052C3F8802170BDD5
:1072F00001F0C7FFE4E700BF00E100E000C000408C
:1073000000ED00E038B50C49024605200138C0B256
:10731000FF2803D140216920FFF736FE01EBC003AF
:107320001D7905F0FF04002DF0D141F83020012235
:107330005C719C711A7138BDA8100020042808B532
:1073400003D947216920FFF71FFE034B03EBC00061
:107350000023037108BD00BFA8100020042808B551
:1073600003D950216920FFF70FFE094B03EBC00042
:107370000379012B01D05121F4E74379827901335C
:10738000DBB29A4218BF4371BDE80840FFF728BE40
:10739000A810002070B5124C06250026013D15F0FE
:1073A000FF0500D170BD94F8281004EBC1031A79D1
:1073B000012A09D158799A79904205D05A79D2B2E6
:1073C0009A7154F83130984794F828300133DBB281
:1073D000042B94BF84F8283084F82860DEE700BFCF
:1073E000A81000204FF08052034BD2F830111960E2
:1073F000D2F834215A607047D4100020034B18682B
:10740000A0F10F0358425841704700BFD41000202C
:10741000034B1868A0F10A0358425841704700BF57
:10742000D4100020034B1868A0F10E0358425841B5
:10743000704700BFD4100020034B1868A0F1100360
:1074400058425841704700BFD4100020044B1868C0
:10745000062803D0431C584258417047012070470A
:10746000D4100020034B1868A0F10D035842584176
:10747000704700BFD4100020034B1868A0F1080328
:1074800058425841704700BFD410002008B5FFF79C
:10749000BFFF20B1024B5868B0FA80F0400908BD28
:1074A000D410002008B5FFF7D1FF38B1044B58685D
:1074B000063810F1080F94BF0020012008BD00BF5E
:1074C000D410002008B5FFF7C1FF38B1044B58684D
:1074D000063810F1080F8CBF0020012008BD00BF46
:1074E000D410002008B5FFF789FF70B9FFF790FFAF
:1074F00058B9FFF797FF40B9FFF7A8FF044A054BBB
:10750000002808BF1346184608BD024BFBE700BF22
:1075100000E701400C05004008B5FFF797FF08B3EE
:10752000EFF3108072B6104A1369116941F010012F
:107530001161A2F5406203F01003D2F80011D2F8F5
:1075400004210A4300D040BF20BF00BF00BF00BFDE
:1075500000BF23B9044A136923F01003136100B973
:1075600062B608BD20BFFCE700ED00E0914270B5B7
:107570003BD2B2FA82F33BB1C3F1200420FA04F407
:107580009940214398409A40160CB1FBF6FC06FB4B
:107590001C1424041FFA82FE030C85B204EB104075
:1075A0000CFB0EF4844206D9201A90428CBF0220B4
:1075B0000120ACEB000C03EB01410CFB1211B1FB01
:1075C000F6F006FB101105EB014100FB0EFE8E45A7
:1075D0004FEA0C4C06D9AEEB010E96458CBF022249
:1075E0000122801A40EA0C0070BD73219620FFF73B
:1075F000CBFC00BF2DE9F8431C4652EA040349D0F6
:10760000074615460E467CB9914208D321463046BE
:10761000FFF7ACFF04462A46384604FB1561FFF726
:10762000A5FF2146BDE8F883B4FA84F9B9F11F0F2C
:1076300034DC4FF0010808FA09F2A2FB051320FA26
:1076400008F002FB043226FA08F140EAC670FFF7A0
:107650008DFFC9F11F03D8404FF0000118D0431E21
:107660008C4661EB010105FB01F203FB042280461D
:107670001846A5FB033EFB1A724466EB02061F4642
:10768000AF4276EB040324BF40466146BDE8F88371
:107690008446F5E7AC219620FFF776FCC9219620B9
:1076A000FFF772FC10B5441A94422BD34AB34B1C1B
:1076B000C31A022B31D9531E072B2ED922F00304F3
:1076C0008C4686460C445CF8043B4EF8043BA445CB
:1076D000F9D122F003039A4202F0030400EB030CF9
:1076E00001EB030E0DD0CA5CC254012C09D09EF8E8
:1076F00001308CF80130022C03D09EF802308CF857
:10770000023010BD002AFCD08B18024413F801CDC2
:1077100002F801CD8B42F9D110BD4B1E0244014647
:1077200013F8014F01F8014B9142F9D110BD00BF90
:107730002DE9F04184075FFA81FE5FD0002A59D01D
:10774000034601E0002A55D003F801EB990702F146
:10775000FF32F7D14EEA0E24032A44EA04443ED90C
:10776000151FAE08172D06F10106C3F3800147D996
:107770009846002940D048F8044B771A03EB810C57
:1077800079080CEBC101CCE900440CF1080C61450F
:10779000F9D127F0010C08EB8C016745CCEB8C7814
:1077A00005EB880517D02F1F032F0C6013D9A5F107
:1077B0000807032F4C600ED9A5F10C07032F8C602E
:1077C00009D9A5F11007032FCC6004D9143D032D6E
:1077D0000C6188BF4C6102F0030203EB86034AB1DF
:1077E000013A83F800E005D0012A83F801E018BFD0
:1077F00083F802E0BDE8F0811546BEE70346A9E73D
:1078000019461546CFE700BF844641EA000313F04E
:1078100003037DD1403A51D32DE9F000F0C9F0C007
:10782000F0C9F0C0F0C9F0C0F0C9F0C0403AF5D2DC
:10783000F0BC43E0403A41D351F8043B40F8043BEC
:1078400051F8043B40F8043B51F8043B40F8043B3A
:1078500051F8043B40F8043B51F8043B40F8043B2A
:1078600051F8043B40F8043B51F8043B40F8043B1A
:1078700051F8043B40F8043B51F8043B40F8043B0A
:1078800051F8043B40F8043B51F8043B40F8043BFA
:1078900051F8043B40F8043B51F8043B40F8043BEA
:1078A00051F8043B40F8043B51F8043B40F8043BDA
:1078B00051F8043B40F8043B403ABDD2303211D37A
:1078C00051F8043B40F8043B51F8043B40F8043BBA
:1078D00051F8043B40F8043B51F8043B40F8043BAA
:1078E000103AEDD20C3205D351F8043B40F8043B7A
:1078F000043AF9D2043208D0D2071CBF11F8013B78
:1079000000F8013B01D30B8803806046704700BF3D
:10791000082A13D38B078DD010F003038AD0C3F14C
:107920000403D21ADB071CBF11F8013B00F8013B2E
:1079300080D331F8023B20F8023B7BE7043AD9D3ED
:10794000013A11F8013B00F8013BF9D20B780370C2
:107950004B7843708B7883706046704710B58B8886
:107960000370437803F0F00343708A88C2F3032264
:1079700013434370CA888270CA8803F0CF03120A87
:107980004370C2700A7A120102F03002134303F00E
:107990003F0343704A7A43EA821343700C460968F6
:1079A0000430814205D0E288FB2A28BFFB22FFF782
:1079B0002BFFE0880430C0B210BD70B50B78192BD6
:1079C00005460C461ED82BB3013B182B22D8DFE806
:1079D00013F03A003E002100B100B700BD00C30023
:1079E000C900CD00CF00DF00E50024002100210008
:1079F0004200D300D900E900EF00F500FB000101CF
:107A000007010D01822B4FF0FF0200F0F580832B60
:107A100000F0F68040F2622112E00E23B1F803205C
:107A20000B7042F283039A4209D106236370667891
:107A30000236324621462846FFF7E6FE51E0352160
:107A4000C720F8F7D7FB0C230B700823EEE71A23A7
:107A50000B700123EAE72920F8F7C8FD30B13E2377
:107A60002370222363702923A370E0E70A20F8F72C
:107A7000BDFD3E2305F1080204F108012B7090B30F
:107A80000A23AB70E378EB70A3882B71A3881B0AE1
:107A90006B71A379AB71E379EB71A368AB608B88F1
:107AA0009380D4F80E30C5F80E30638A6B82636918
:107AB0006B61238B2B83638BAB76638B1B0AEB761B
:107AC000A38B2B77A38B1B0A6B77E38BAB77E38BB3
:107AD0001B0AEB7794F8203085F820301F266E7053
:107AE0000236304670BD0123AB70E378EB70A3889B
:107AF0002B71A3881B0A6B71A379AB71E37903F037
:107B00000103EB71A368AB608B889380638BAB73CD
:107B1000638B1B0AEB73A38B2B74A38B1B0A6B74F5
:107B2000E38BAB74E38B1B0AEB7494F820302B755A
:107B30001326D4E73E230B7004234B70142393E7E2
:107B40003E230B700C234B7004238DE73E230B70F8
:107B50000A234B70032387E73E230B700D234B70E2
:107B6000052381E70523237004235FE70823FAE751
:107B700030230B70032359E73E230B700B234B700C
:107B8000072371E73E230B7006234B700C236BE732
:107B900013230B708B789B00013347E757230B703F
:107BA000022343E73E230B7006234B7012235BE74F
:107BB0003E230B7009234B70132355E73E230B70B4
:107BC00005234B7020234FE73E230B7009234B7096
:107BD000212349E7FF230B700B234B70A22343E7BC
:107BE000FF230B7005234B70A3233DE7FF230B708E
:107BF0000D234B70802337E70A700D22627033E744
:107C00000A700222FAE710B50C4648B141B1F8F704
:107C10004FFC0028207014BF00206FF0220010BD20
:107C20006FF01500FBE708B5F8F7C6FC002008BDAB
:107C3000034602221A709A70FC225A716FF02102D8
:107C40009A714122DA716FF014021A726FF05D02BC
:107C50005A726FF02E0200209A7242225870D87029
:107C60001871DA72704700F08EBC38B5044601F026
:107C7000C4F901281BD1601C01F0C6F9B8B1A37981
:107C800063F03F03A3710020F9F7C2FCE51D40B18A
:107C9000102200212846FFF74BFD0123237000200E
:107CA00038BD284601F0C3F90028F1D0F5E70023DC
:107CB000F4E710B5102204460021FFF739FD04F166
:107CC0001003102200211846FFF732FD01F0C8F919
:107CD0000020F9F79DFC20B1204601F0A8F9002012
:107CE00010BD01F08AF90028F6D0F8E710B5044677
:107CF000FFF7CAFAB0F5007F09DA10F5007F08DD5A
:107D0000031EB8BF03339B102370002010BD7F23D8
:107D1000FAE76FF07E03F7E70120704700F0BCBD83
:107D20000078003818BF012000F053BCF9F7B2BB4F
:107D300000F09BBD00F0C6BD00F0DFBB00F018BC3A
:107D400008B5F8F74BFC002008BDF9F743BA00F07E
:107D50002FBCF9F721BB00F0F7BB00F032BD00F0FB
:107D6000FCBC00F043BD00F08CBB00F091BB00F008
:107D70009DBB00F0AFBB00F0F2BB00F0CEBB0388B0
:107D80000B8000F065BD00F0CEBB00F08EBDF8B5F5
:107D9000941C0C446343B3F5004FA8BF4FF0FF336E
:107DA0000E4610F00301054617469CB203D0B021E1
:107DB0001420F8F71FFAB4F5004F01D9B121F7E705
:107DC00014220430FFF7B4FCEF746C802E80F8BDF1
:107DD000023101444A43B2F5004FA8BF4FF0FF32D1
:107DE00090B21B3020F00300B0F5004F34BF00B25A
:107DF0004FF0FF307047838802899BB29A42014658
:107E000002D00831F8F716BC7047072938B5034689
:107E100004D84FF4EC711520F8F7ECF90068A8B11C
:107E2000D0E900248C4212D02AB901F10805AC42F5
:107E300004D210460AE003461046F1E742501A68A1
:107E400045181268641A6C6042501D6038BD1A6093
:107E5000FCE730B590B18478B1FBF4F304FB131365
:107E600000EB430252898A4201D1D8B230BDC278B8
:107E700022B900F10A03D0B2844201D8FF20F5E70D
:107E800033F8025BA94202F10102F4D1EEE78278F5
:107E9000038805324B4303EB42031844704713B584
:107EA0000023CDE9003304468DF806006846F8F754
:107EB0009FFD08B102B010BDBDF804002146F8F7DF
:107EC00073FD0028F2D040F215211720F8F792F93F
:107ED00070B50D4609211E46FFF77AFF324604466B
:107EE00009212846FFF774FF002C03DB002801DB83
:107EF000204470BD4FF0FF30FBE701230370704753
:107F0000F8B505460846002811461E4614BF002451
:107F10000224FF23AB702B191B7D012B04D00134ED
:107F20002B191B7D012B19D105EB44073B8B3A8C98
:107F30009819904204DD2C44002038832075F8BD48
:107F400005EB8404324660681844FFF75DFC3A8B09
:107F500016443E830023AB700120F0E70020EEE7DB
:107F6000002910B514BF00230223FF218170C1181E
:107F70000C7D012C07D10C3320F8132002230B7544
:107F80000023837010BD0133C1180C7D012CF2D089
:107F90004FF48C710920F8F72DF930B5024683783B
:107FA00003F0FF00F3B9137D022B19D0537D022B90
:107FB00019D10346012089B1D5180C3300242C7542
:107FC00022F81340131803241C7502EB80035B682E
:107FD0000B6000F10C0332F813308B80012002E0BB
:107FE0000123E8E7002030BD30B58378E3B9837D15
:107FF000022B17D0C47D022C16D1032381B10519A1
:108000000C3400222A7520F81420C2180324147599
:1080100000EB83020C33526830F813300A608B8017
:10802000012002E00324E9E7002030BD037D012B9D
:1080300001D1008B7047437D012B0CBF408B00208A
:108040007047837D012B01D1808B7047C37D012B4D
:108050000CBFC08B00207047038B23B9408B0038C6
:1080600018BF0120704701207047838B23B9C08B54
:10807000003818BF0120704701207047027D022A96
:1080800001D1008B7047437D022B01D1408B70479B
:10809000032AF6D0032BF9D000207047827D022AF4
:1080A00001D1808B7047C37D022B01D1C08B7047FB
:1080B000032AF6D0032BF9D000207047F8F7E4BD6F
:1080C00070B5044690F8183103F0FF01E3B9D0E928
:1080D00044526FF000439A4208BFB5F1FF3F01D10F
:1080E000002070BDD0E9425600F0A1FDD4E9443231
:1080F000E5305B1B62EB06021B1A62F10002002AEC
:10810000EEDA2046FAF792FB0120EAE7F8B50446DA
:1081100018B9E2213020F8F76DF8072900F2AA809B
:10812000DFE801F0043E3E3AA82E9EA6FAF776FB61
:10813000D4F8FC00CB38FEF7A7FB10B940F25D2164
:10814000E8E7204600F050FE0546F0B9014620461B
:1081500000F06DFD00F1E506D4F8FC00B04209D254
:10816000301A322838BF32200321FEF7F5FB051EF6
:1081700018BF0125C4F8FC60204600F04FFE35B161
:108180002046BDE8F84000F04ABE0025F4E7D4E9F7
:108190004223C4E93A23F8BDBDE8F840FBF770B9C3
:1081A00000F050FD002384F8F83084F80131D4F851
:1081B000CC3005460E46EBB150EA01031AD0072138
:1081C000A5FB012301FB0633D4E93A10521843EB17
:1081D0000003D4E9420182428B410BD2012304F116
:1081E000F80784F800313846FDF7EEFD20B940F27B
:1081F000A4618FE70223F2E72046FFF761FF034601
:1082000094F8C80033B93946FDF7D0FE38B94FF4B9
:10821000D5617FE7FDF7B8FD002384F8F030D4E99D
:108220004201D4E93832834272EB0107B3D255EAF6
:108230000607B0D0C01A61EB020133462A46FFF7A9
:10824000D9F905FB01F300FB0633A5FB00500344FD
:10825000D4E93802451943EB0203C4E938539AE7DD
:1082600090F8C800FDF790FD002384F8F03092E705
:10827000FF214FE740F203114CE7D0F8CC007047E4
:1082800010B5044690F8F030EBB1FF2380F81831B8
:10829000012100F0C6FD94F8F030A3B194F8C800B5
:1082A000FEF7D6F894F8C800FEF78EFC94F8C800E4
:1082B000FDF76AFD20B940F2EB113020F7F79AFF85
:1082C000002384F8F030002010BD10B590F818217C
:1082D00042B990F8D02042B1D0E93531994202D963
:1082E000FAF7A4FA0022104610BD0122FBE708B5F8
:1082F00040F28D2100F0F5FB40F64803984228BF7C
:10830000184680B208BDF8B5044621B1012930D025
:1083100040F2D2712AE0C68C36B1F9F737FDE58C10
:10832000B0FBF5F606FB15062046D4E9385700F0F9
:1083300089FC2D1847EB01010023AD1941F1000123
:1083400084F8F8300223C4E94251C4E93851A4F852
:1083500000312046FFF7B4FE70B994F8C80004F16C
:10836000F801FDF723FE38B940F2FB613020F7F742
:1083700041FF002380F8D030FAF7BCFFBDE8F84099
:10838000FDF7ECBA90F8F000003818BF01207047F4
:1083900013B50023CDE9003301238DF8063068467C
:1083A000F8F726FB08B100200AE0009C2046FFF702
:1083B000E9FF0028F3D0204600F047FC0028EED06B
:1083C00002B010BD07B50023CDE9003301238DF8BD
:1083D00006306846F8F70CFB08B1002004E000986E
:1083E000FFF7D0FF0028F4D003B05DF804FB1FB501
:1083F0000022009240F6881303A9FBF75FFA05B04C
:108400005DF804FB38B5054600F00CFCF0B12846D9
:10841000FFF7B8FF08B9002038BD2846FFF72DFF49
:1084200004462846FFF72CFF054688B9002CF2D0F9
:108430002088F9F7AFF820882946F8F7B5FA002820
:10844000E9D041F6E5313920F7F7D4FE4220E3E7E1
:108450000C20E1E710B5F8F77DFD044600F0C0FC04
:1084600040B9204600F0B8FC80F00100C0B200F036
:10847000010010BD0020FAE708B5F9F751F8002017
:1084800008BD10B50446F9F727FD2070002010BD87
:1084900010B5FFF77DFF044630B9F9F717FD204608
:1084A000F9F7D2F9204610BD0C20FCE710B50446C0
:1084B000FFF76EFF50B92078012809D8611CF9F741
:1084C00011FD002814BF0020072010BD0C20FCE780
:1084D0001220FAE738B50546FFF75AFF044640B9BF
:1084E0002878012803D8691CF9F72CFD18B9122047
:1084F00038BD0C20FCE72046FAE710B503460F24F0
:108500000470692110220020DC70592459709A707F
:108510001C7158719971DA7110BD08B50821F7F70F
:10852000B9FF002008BD10B504466FF07F00FFF7CB
:108530005EFFF9F7D1FA20707F20FFF758FFF9F7B7
:10854000CBFA6070002010BD10B50446F8F702FDAC
:1085500000F03FFCF9F7C0FA2070002010BD08B50C
:108560000A46072300F11001FEF784FE002008BD33
:1085700010B5014604460020F9F732F808B920602A
:10858000A080002010BD10B50446F8F7C3FF28B93D
:1085900000202146F9F70CF8002010BDFFF712FF6C
:1085A0000028F5D0FFF756FF0028F1D10C20F4E7A2
:1085B00010B50446FFF706FF28B901202146F8F759
:1085C000F7FF002010BDFFF745FF0028F5D10C2074
:1085D000F8E708B5F8F786FB002008BD2DE9F34160
:1085E0000546477800780121F8F7C8F904460028C5
:1085F0005FD000F0DEFBEE78864228BF0646042FEF
:10860000B6B23DD0206BFFF711FD304480B21F2879
:1086100003D9122002B0BDE8F081FB1E012B2CD83B
:10862000204600F0EBFB6B78032B2CD107F0FD0804
:10863000B8F1010F39D1204600F0E0FB002831D11C
:10864000012F08BF4FF00208216B42466846F8F739
:10865000B1FA6A68206B33460121FFF751FC50B331
:108660006B78023B012B22D8206BFFF7DFFC012146
:108670000246206BFFF774FC19E0002ED0D1C8E74A
:10868000002ECDD0C5E70028C3D1042BCED1204683
:10869000FFF778FE0028BCD0206BFFF7DDFC002838
:1086A000C4D1B6E74FF00008CEE7042FD1D10020A7
:1086B000B0E74220AEE70720ACE72DE9F74380465C
:1086C0004578C77800780121F8F758F90446D0B109
:1086D00000F086FB0028206B08BF0027FFF7B1FCE5
:1086E000C619B6B21F2E1FFA87F910D8042D0ED066
:1086F000032D12D05FB12046FFF744FE58B10C2085
:1087000002E0042212E0422003B0BDE8F083122010
:10871000FAE70720F8E7012D0CD1204600F06EFBA8
:108720000028EED1012D0CBF06220522216B6846E0
:10873000F8F740FAD8F80420206B4B460021FFF7E9
:10874000DFFB0028E5D0023D012D04D8206B324626
:108750000021FFF705FC0020D6E713B50446F8F723
:10876000F9FB4FF44073ADF8003000238DF8023070
:10877000684614F8013B8DF803300194FFF79DFF24
:1087800002B010BD38B5012105460078F8F7F6F8BB
:108790000446A0B1FFF7F6FD28B92046691C00F099
:1087A00059FA002038BD204600F01AFB08B10C2011
:1087B000F8E7204600F010FB0028F8D1EDE7422052
:1087C000F0E713B50446F8F7C5FB14F8013B8DF844
:1087D00003304FF44073ADF80030684600238DF845
:1087E00002300194FFF7FAFE02B010BD73B50546E2
:1087F000F8F7B0FB2B78044663B100230DF10101BB
:1088000001208DF80030F8F7EBFE18B16846FFF74D
:10881000B9FFA0B9002620468DF8006000F0E4FA08
:10882000B04214BF80233346ADF801302B788DF869
:108830000360012B05D169462046F8F74BFC02B0D6
:1088400070BD1BB92046FFF7DDFDF8E71220F6E703
:1088500008B500880021F8F791F820B1BDE808407C
:10886000002100F083BB022008BD10B5044600784B
:10887000FF280AD00121F8F781F858B16378A2786F
:1088800043EA0223C384002010BDB4F80100F8F7C6
:108890002BFBF8E74220F7E708B50078003818BF4F
:1088A0000120F8F71BFB002008BD10B50446F8F7BF
:1088B00051FB6178C1F3400201F0010100F0B4FA0C
:1088C000002010BD1220704710B5044604B910BD39
:1088D000236898476468F9E703680BB9016070473B
:1088E0001A465B6813B18A42FAD170478A4218BFB0
:1088F0005160704708B5F8F799FAF9F729FE20B1E9
:1089000040F235119320F7F775FCBDE808400120CF
:10891000FFF7C5BAFBF70CBC704730B542400C7886
:1089200018785D7844404878684004449D78887899
:1089300068400444DD78C878684004441D790879AB
:108940005B794979684004444B402344D3420CBFCF
:108950000120002030BD034600200139C9B2FF29A3
:1089600000D170475A5C82F001021044C0B2F4E7B3
:1089700008B5F8F75BFE082803D0BDE80840F8F713
:1089800079BE08BD08B500F026FB18B1BDE8084067
:10899000FAF726B8082008BD0346086858667047ED
:1089A0000378890123F0400301F040010B43037079
:1089B0007047037803F07F0343EAC11303707047E5
:1089C0001F2A38B50546144603D9B7212A20F7F7E0
:1089D00011FC09300634FEF717FF6C7038BD1F2AF2
:1089E00038B50546144603D9D9212A20F7F702FCE9
:1089F00009300634FEF708FF6C7038BD30B50378D7
:108A000003F00F03032B024640D0052B1FD1C37F79
:108A100090F82000034392F82100034392F82200CB
:108A2000034392F8230020F01F0018432DD0537801
:108A3000222B0CD1B2F81930B2F81740907D41B119
:108A4000B3F5506F05D940F607518B420ED900207F
:108A50001BE0991F89B240F67A45A942F7D8411E1A
:108A60000729F4D88342F2D9A342F0D3B2F81B30DD
:108A7000B3F5FA7FEBD2B2F81D000A3880B240F6A7
:108A8000764398428CBF0020012030BD4078A0F191
:108A90000C0358425841F8E7F9F7F0B810B521B97E
:108AA0004FF410711020F7F7A5FB4A600B72EFF33B
:108AB000108472B6031D0B6042681AB1127A012A43
:108AC00008BF036003681960016004B962B6BDE8BD
:108AD0001040F9F71FB90222F9F734B90422F9F767
:108AE00031B9034680691B6B984228BF184601F1D3
:108AF0009C0383423DBF401A9C38400800207047C9
:108B000010B50B794C790A68012843EA042108BFA3
:108B100041F48031104610BD07B5FFF7F1FF0DF1AC
:108B20000702F9F77DF903B05DF804FB0B46142248
:108B300003F8032BD0F80920C1F80320D0F80D204A
:108B40005A60704738B50B46102203F8032B0C46C9
:108B500000F10902293052F8041B43F8041B824239
:108B6000F9D112781A70A5880123A3710021284633
:108B7000F7F704FF70B1E37863B10088F8F70AFDF6
:108B800000212846F7F710FF20B14FF40A712D207D
:108B9000F7F730FB38BD0121F9F7DABBFFF7FBBF70
:108BA00090F87A300BB10120704790F8B22002F0B3
:108BB000FF03002AF7D190F8A4201846704737B574
:108BC00004460D464FF490720021FEF7B1FDFF23DD
:108BD00023701323638042F21073E384F7F7BEFF20
:108BE0000022014620636846F7F7E4FF206B00226D
:108BF0000121FFF7B5F9216B68460422F7F7DAFF88
:108C00000022206B1146FFF7ABF904F12800A57490
:108C100003B0BDE8304000F03FB9FF23086B0B7094
:108C2000FFF76BB90078FF3818BF0120704710B507
:108C30000446283000F086F961882822F9F728FEDA
:108C40006D3010BDD0E902017047C07C003818BFFC
:108C5000012070470B68C0F815308B88A0F81930D8
:108C60000123C37670472DE9F04F06460D460746AF
:108C70000FCE91B006AC0FC40FCE0FC496E8030020
:108C80000DF1100884E80300404600F005F995F85E
:108C900014906E7895F80AA095F800B0B9F1010F1C
:108CA00006F07F0607D0B9F1020F04D040F25F3121
:108CB0000620F7F79FFA697A404600F0F4F82B7D1A
:108CC0002A7F022B08BF697D02F1010206BF013134
:108CD000C9B20121D2B2404600F0E7F816F008030D
:108CE00064D14046019300F02DF928223146F9F76E
:108CF000CFFD40F271212A79019B00F2D720B0FB11
:108D0000F1F401FB04F0EC7844EA02246A7944EAC5
:108D100002444C43A0420BD9EC79AA7942EA0422DE
:108D20002C7A42EA044201FB02F4A04200D8044635
:108D30002A7E0393531E5A425A41A97C386B0291F2
:108D40000192FFF79BF9386BFFF7A8F9039B019A93
:108D50000299ADF81A6008948DF828208DF82B1030
:108D60008DF82CA08DF818B08DF81C90099306AEE4
:108D70000FCE3C460FC40FCE0FC496E8030084E824
:108D8000030098E80300B862B985EB7A13F0FD0F91
:108D900014BF0123002387F85730EB68BB652B8A8B
:108DA000A7F85C30002011B0BDE8F08F0024234606
:108DB000BEE7438813F0040F0CBF1F20002070474C
:108DC0004FF40043C38543881D2B08BF0021417425
:108DD000704790F912007047408800F0010070471A
:108DE0004088C0F3400070474088C0F3C00070471F
:108DF00008B5006BFFF739F9012008BD0120704765
:108E00000120704790F8503001624B72D0F8513019
:108E1000C1F80A30B0F85530CB8170477047F9F788
:108E200001B980F87010704780F8241080F8252070
:108E30007047C0F34002C0F38003134400F0010008
:108E400018447047022808B507D0042807D0012825
:108E500007D039212E20F7F7CDF9262008BD27208D
:108E6000FCE72520FAE78278034612F0010002D0E1
:108E7000D978C9070FD5900702D5D978890709D5C0
:108E800012F0040007D0DB7813F0040F14BF0020A9
:108E900004207047022070470023C0F802300123ED
:108EA0004370037070478170704710B50170427055
:108EB00080781446FFF7BDFF10FB01F104FB01F2BF
:108EC000FE2A03DD5C212E20F7F794F910BD002364
:108ED000C37043710371704710B50446FFF7C3FFB9
:108EE000637962780133DBB29A4263710FD1E37820
:108EF000A1780343DBB29942E37008BF23794FF0B6
:108F0000000208BF0133627104BFE2702371BDE843
:108F10001040FFF797BF38B501468078FFF789FF0B
:108F20000446C8784D78FFF784FF0A790B789B1ABE
:108F300013FB05F34A7913FB04F39B1A00FB15306E
:108F4000C0B238BD08B501468078FFF772FF4B7894
:108F50000A7813FB02F313FB00F0C0B208BD40F225
:108F6000EF20704740F25A335843704738B50446F3
:108F7000084694F8383213B10C25284638BD94F8C9
:108F80008730153B012BF7D894F8603203F0FF05CA
:108F9000002BF1D191B194F8CE3123B940F66D2177
:108FA0003120F7F727F9052304F1F00204F5DF710A
:108FB000FEF760F9012384F83832DEE70223FAE78E
:108FC00008B5F9F763FFF9F73FFDF9F791FCBDE844
:108FD0000840F9F719BD08B5C821F9F7E7FC0228E0
:108FE00007D1013911F0FF01F7D1EB213B20F7F751
:108FF00001F9431E5842584108BD4FF08053D3F841
:10900000A00000F0010070474FF08053D3F8A42077
:10901000D3F8A830511C9BB203D14FF6FF718B429D
:1090200003D00260838001207047002070474FF01A
:10903000805330B5D3F89050D3F89440D3F89810BB
:10904000D3F89C2005EA04030B40134001331FBFF3
:10905000056044608160C2600CBF0020012030BD0B
:109060004FF0805330B5D3F88050D3F88440D3F814
:109070008810D3F88C2005EA04030B401340013319
:109080001FBF056044608160C2600CBF00200120EA
:1090900030BD10B504460846FAF732FB4FF47A7338
:1090A000B0FBF3F0201A10BD10B504460846FAF7DD
:1090B00027FB023C4FF47A7300F2E730B0FBF3F089
:1090C000201A10BD08B5FEF78DF9BDE80840FAF783
:1090D00083BC801A00F3070038B540B20D4659B280
:1090E0001446FAF769FC0023287020446B7040B2E4
:1090F00038BD0023036070477047002070474FF071
:10910000FF3070474FF0FF30704770474FF0FF302F
:10911000704700207047002070470023037070479D
:109120009DF800300022FFF7D4BF002070474FF0B9
:10913000FF3070474FF0FF3070474FF0FF307047FF
:109140007047C0B208B520B94FF0804301221A60C1
:1091500008BD5121B520FDF717FF0020FAF796BC96
:109160004FF08043D3F8080400F0010070474FF03F
:109170008043D3F8140400F0010070474FF080439F
:10918000D3F81C0400F0030070474FF08041024602
:10919000D1F81804D1F8181410F4803004D001F07C
:1091A0000300831A58425841704708B5FEF76EF91C
:1091B00028B14FF080430222C3F8342C08BDFEF7DB
:1091C00045F90028F5D1FEF757F90028F1D1F5E768
:1091D0000020FAF7B9BC0020FAF7E4BC0020FAF747
:1091E00055BC70B5FBF718F8002405462646E0B2DA
:1091F000854200D870BDFBF715F80134868480F8ED
:109200002660F4E700F000B837B56846FBF734FA9B
:10921000FBF7EEF904460098019DFBF711F80021D9
:10922000E5FB040103B030BD07B56846FBF724FA3F
:10923000FBF7EEF9019A034600980021E2FB0301D7
:1092400003B05DF804FB0346002018707047EFF38D
:10925000108272B603780121DBB2017002B962B6E6
:10926000012B0CBF6FF0220000207047EFF310833A
:1092700072B60022027003B962B600207047FEF792
:1092800089B8FEF749B9FEF747B9FBF7A5B9002839
:109290000CBF6FF0150000207047002070470723B7
:1092A000037000207047002070470020704703467D
:1092B00013F8012B002AFBD1181A0138704700005F
:1092C000F0B51E4889B007F0D2FE002001F0C2FCC4
:1092D000014628B11A4807F0CAFE002009B0F0BDC7
:1092E0001848194E194F07F0C2FE0021184D4FF4CF
:1092F000004008F0A9FEB178384607F0B8FE0FCD5F
:1093000003AC0FC42B682360002312490093012291
:1093100003A802F095F8014608B10F48DBE70021E9
:109320004FF4004008F090FE02F0BCF8014608B18E
:109330000A48D0E7B3780133B370D6E7082C0100B0
:109340001E2C01003E2C0100B8020020552C01000B
:10935000EC2601005C290100772C01009D2C010006
:10936000014B1B68184700BFF801002030B585B0DD
:1093700004460D4610220021684608F0C7FF02236C
:109380008DF802302A46044B01932146684607F0C7
:10939000D3F905B030BD00BF6193000080B505462C
:1093A0000E461746984604F093FA034609F02AF849
:1093B000DFF81890044649F80030424630463946F6
:1093C000A84754F8090000F00DFC00BF0800000099
:1093D0002DE9F047058B04462807904611D4022951
:1093E00005F0070540F0CC80204607F05AFE78B122
:1093F0000138218B042811D8DFE800F0C2106D85F8
:10940000950001290CBF45F0100545F02005258386
:1094100088F31188BFF36F8FBDE8F08701F0070A6A
:10942000AA4500F0A5800027B9463E46A368002B58
:1094300000F0BC8041F00801218388F31188BFF35C
:109440006F8FA168002900F0BA800D68002900F034
:10945000B680D1F80480334652462046C047002DDE
:1094600076D02B6829461D46F0E701F007035A1F06
:10947000012A1BD8002221F00701062B276889B298
:10948000C4E9002209D13B4603E0628B01326283CA
:109490001B68002BF9D141F002012183204607F01F
:1094A00000FE00287AD041F0200176E0042B0AD19A
:1094B00021F0070189B22183204607F0F2FD10B1A7
:1094C00041F020012183218B01F0070AAA454FD0EA
:1094D0000027B946AAE7236921F0070141F00601F8
:1094E000062DD3F8009021832DD1B9F1000F3FD084
:1094F00041F00801218388F31188BFF36F8F3A4947
:109500002046C84729E021F00701236941F0040102
:1095100089B2042DD3F804902183E6D000273E467B
:109520004FF0040A82E721F00701236941F00501A9
:1095300089B2052DD3F808902183D6D000273E4666
:109540004FF0050A72E700273E464FF0060A6DE726
:109550002B4687E7B9F1000FD1D1EFF311884023F3
:1095600083F31288BFF36F8F238B23F008032383C9
:10957000258BEA062ED525F01003238305F0070579
:109580006669218B002EBFF670AF00232768C4E9FF
:10959000003321F0070141F001012183218B01F00B
:1095A000070AAA454FF000097FF440AF002F9CD076
:1095B00041F00801218388F31188BFF36F8F002FDA
:1095C000C8D03D68394633465246204607F095FDDF
:1095D0002F46F4E7AB067FF51BAF25F0200323836E
:1095E00005F0070500E700BF27110100014B0360EC
:1095F000002070476429010008B5044807F037FDD2
:10960000BDE80840024807F032BD00BFC22C01008F
:10961000F72C0100014804F08DBC00BF6429010053
:1096200038B5044618B90F4B0F485B689847616816
:10963000B1F5683F10D0B1F5680F0DD00B4DA942C0
:109640000AD011F46861206807D00146084808F084
:1096500088FA00232360656038BD142208F056FEA6
:10966000F9E700BF48020020252D01002C5F5CA90E
:10967000381C002008B520B34368B3F5683F10D10B
:1096800001220368BFF35B8F53E8001F002903D159
:1096900043E800200028F7D1BFF35B8F0DD10020F5
:1096A00008BD094A93420AD000684FF0FF324FF0DC
:1096B000FF3303F015FB0028F1D00448F0E704481D
:1096C000EEE76FF4E040EBE72C5F5CA9E98FFFFF6A
:1096D000EA8FFFFF08B5D8B14368B3F5683F10D1F2
:1096E00000220368BFF35B8F53E8001F012903D1F9
:1096F00043E800200028F7D1BFF35B8F0BD1002097
:1097000008BD074A934208D0006803F061FBF6E702
:109710006FF4E040F4E70348F2E70348F0E700BFE6
:109720002C5F5CA9E98FFFFFEA8FFFFF10B50446AD
:1097300018B91D4B1D485B6898476368B3F5683FCF
:109740002FD0B3F5680F2CD0194A934219D1236852
:1097500003BB18484FF0FF324FF0FF33214603F0B0
:1097600091FA08B923681BB90F4B13485B689847F7
:1097700020681422002108F0C9FD4FF4686363607B
:1097800008E0B3F5683F0DD83A2B03D040F6BA6233
:109790009342DED1206808F02EFA636843F03A0362
:1097A000636010BD054AF3E748020020252D010043
:1097B0002C5F5CA9381C00204B2D01003A00003AB8
:1097C00008B5064906484023142208F0BCF9BDE854
:1097D00008400449044804F071BC00BF3817002059
:1097E000381C00206C2901008029010030BFFFF7E0
:1097F000FDBF00BF2DE9F0410B4EDFF8308006EBD6
:109800000807CC1B054632460949204608F056FD9C
:10981000A01942460021083C08F078FD6C6707F16A
:109820000800BDE8F08100BF000000000400000057
:10983000EC260100054B5A699B689A421FBF044AF7
:10984000536843F080535360704700BF781D002079
:1098500000ED00E070B5264B15469A6A12F0100F25
:109860009A6A14BF1124102412F0080F9A6A18BFC4
:109870001224920706460AD5586B9A6A140634D504
:1098800019B19A6A22F080029A62132401E06FF003
:109890001500174B9A6A12F0010F9A6A18BF142428
:1098A00012F0200F9A6A18BF1524D20602D49B6AC0
:1098B0009B070AD50E4B5B68190506D5314600F0AB
:1098C00071FA10B180F309880224094B9A6A920652
:1098D00042BF5A6A22F400525A629A6A42F0FF0268
:1098E0009A6200232B70204670BD6FF01500CCE704
:1098F00000ED00E0134B9A6A12F0007F9A6A14BFE1
:109900001E201D2012F0807F9A6A18BF1F2012F4BB
:10991000002F9A6A18BF212012F4802F9A6A18BF6C
:10992000222012F4003F9A6A18BF232012F4803FCD
:109930009A6A6FEA02426FEA12429A6218BF2420C2
:10994000704700BF00ED00E010B5194B0246986A61
:109950009C6A10F4805F14BF1720162014F4006F67
:109960009C6A18BF1820A40509D5986B986A000452
:1099700004D51AB19A6A22F400429A6219200C4B5B
:109980009A6A12F4806F9A6A18BF1A20D2050CD412
:109990009B6A13F4005F18BF1C20054A936A43F4C6
:1099A0007F43936200230B7010BD1B20F5E700BFBF
:1099B00000ED00E0F0B5484B5B688BB00446C3F3A4
:1099C0000803002585F31188BFF36F8F02F07F40F5
:1099D000B0F17F4F11D102F00C0008280DD0100714
:1099E0004CBF0C4601250022033B8DF80720032BBA
:1099F00005D8DFE803F0246367602C46F3E7002313
:109A00009DF80720CAB902AE04F1200720686168FA
:109A1000324603C20834BC421646F7D1099A002DDB
:109A200054D0C2F3080121B96FEA52226FEA4222F0
:109A3000099202A9184607F01CFC0BB0F0BD264B9A
:109A4000DA6A9107DBD4DA6A002AD8DBDA6A5200D4
:109A5000D5D55A69A16942F480725A61BFF34F8F1C
:109A6000BFF36F8F5A6931F8021C22F480725A6179
:109A7000BFF34F8FBFF36F8F4DF6027291420AD042
:109A80009A6AD2B24AB10DF1070201212046FFF7CE
:109A9000E1FE0346B4E72368B2E79A6A12F47F4F07
:109AA00005D00DF107010120FFF74EFFF1E79B6A9A
:109AB000B3F5803FA3D3FFF71DFFEAE70DF10702DF
:109AC0000021E3E70DF107010020EDE722F4FF722A
:109AD00022F00102ACE700BF00ED00E0044B5A6940
:109AE00042F010025A615A6922F008025A61704726
:109AF00000ED00E0EFF30880EFF3098101B5724655
:109B0000FFF758FF01BD00BF002080F31488BFF3AA
:109B10006F8F0F4880F3088802F0A8FE00200D49DF
:109B20000860BFF34F8F00F02BF8402080F31188BE
:109B300009484FF40461401880F30988EFF314805A
:109B40000221084380F31488BFF36F8F00F0FAF806
:109B50008043002094ED00E0C03100200749D1F897
:109B600090200023C2F307221846934200DB70477F
:109B7000C1F89830C1F8A0000133F6E700ED00E02D
:109B800008B572B6002383F31388FFF7E7FF144B81
:109B90004FF0FF32C3F88020C3F88420C3F8882038
:109BA000C3F88C20C3F89020C3F89420C3F8982001
:109BB000C3F89C20C3F88021C3F88421C3F888210E
:109BC000C3F88C21C3F89021C3F89421C3F89821DD
:109BD000C3F89C2162B6BFF34F8FBFF36F8F08BDF0
:109BE00000E100E0084B9B6883420BD1EFF3058353
:109BF00043B1064B5A6842F080525A605A6A22F4C6
:109C000000425A6203F06ABE781D002000ED00E0B9
:109C100014498A684FF030001044EFF3098C80E853
:109C2000F01F402080F31288BFF36F8F0E4F4FF06C
:109C300000664A698A603E60506F0C4C2060906FED
:109C40000023936780F3118804B5104600F00EF9E5
:109C5000BDE8044002F1300090E8F01F8CF3098861
:109C600070470000781D002004ED00E0541C002027
:109C70001EF0040F0CBFEFF30880EFF30980816939
:109C800011F8021C0229FFD001B5724607F0F7FA5D
:109C900001BD00BF40B2002807DB044A410901238F
:109CA00000F01F00834042F82130704700E100E0DF
:109CB00040B200280CDB4309064900F01F002033A6
:109CC0000122824041F82320BFF34F8FBFF36F8FF3
:109CD000704700BF00E100E0054B420900F01F00A3
:109CE00053F82220012303FA00F01040704700BF10
:109CF00000E100E040B2D30754BF02310021002848
:109D0000ACBF00F16040074A4FEA4113ACBF00F519
:109D1000614000F00F00DBB2B4BF135480F8003391
:109D2000704700BF14ED00E0044B054A23F07F03A9
:109D30009360BFF34F8FBFF36F8F70470000000039
:109D400000ED00E008B5FFF7EFFF074AD2F88830D2
:109D500023F47003C2F8883002F0C2FE03F0F2FE72
:109D600000F05AF802F000FF00ED00E042F8203C5D
:109D7000009B42F81C3C0A49019B42F8183C029B9C
:109D800042F8143C21F001014FF0807342F8043C8A
:109D900042F8081C0023203A02658367704700BF21
:109DA0009D930000094A0346906870B113F1160FA5
:109DB000406E05D0A0F140029A4205D8834203D2FA
:109DC000814228BF0020704700207047781D002086
:109DD00008B51546094A0A4B9060426F1A600E4654
:109DE00000F044F82C4686F309880020054B98477C
:109DF0002046002100220023034C2047781D00202C
:109E0000541C00209D1201009D930000014B102264
:109E10001A61704700ED00E0044800234021C21899
:109E20000133302B82F80013F9D1704700E100E0D4
:109E300008B5EFF30583064A103B02EBC30152F865
:109E4000330049688847BDE80840FFF7F3BC00BF0E
:109E500040250100024B034A0348012100F076B877
:109E6000000004200000002090290100426E054BF4
:109E7000403A1A60044A4021C3E901121846012100
:109E800000F06EB8581C002000000B15084AC2F8FC
:109E900098000B6823F01F03034343F01003C2F83C
:109EA0009C308B6843F00103C2F8A030704700BFBC
:109EB00000ED00E02DE9F043DFF8608085B00E464C
:109EC0001F4604464FF00009B14523DA6068D8B157
:109ED0003FB1411E08421BD11F2819D923681942DE
:109EE00016D12368019307F0FCF9A3680343039399
:109EF000D8F89050C5F30725D0B2013DA84207D845
:109F000001A9FFF7C3FF421C09F101090C34DBE78B
:109F10006FF01502104605B0BDE8F08300ED00E0DB
:109F2000044B0522C3F89420BFF34F8FBFF36F8F0C
:109F3000704700BF00ED00E0BFF35F8F024B0022CF
:109F4000C3F89420704700BF00ED00E010B5034C4B
:109F500001232278FFF7AEFF207010BD7428002087
:109F600008B50B4A00231278FFF7A4FF10F1160F73
:109F700007D0084A0021D2F89030C3F30723984253
:109F800000DB08BDC2F89800C2F8A0100130F2E76B
:109F90007428002000ED00E02DE9F043534B544CB1
:109FA000D3F890302568C3F307239D4285B000F2B3
:109FB0009A80FFF7C1FF00200C2685421AD14D4C34
:109FC0004D4F25706846FFF711FBDFF82081DFF861
:109FD0002C9106460025AE4213D123784349002038
:109FE000D1F89020C2F30722934276DBFFF798FF67
:109FF000002042E0616806FB0011FFF747FF0130D7
:10A00000DBE7009800EB05114FEA051CCB683B40ED
:10A01000B3F5000F48D00AD8B3F5001F30D0B3F520
:10A02000800F36D0B3F5801F10D00135D3E7B3F1E0
:10A03000807F42D0B3F1007FF7D150F80C308868B0
:10A040004A6807F04EF940F4802009E050F80C30DF
:10A0500088684A6807F045F940F0885040F430209D
:10A06000CDE901230390D8F890302078C3F307237B
:10A07000013B98422AD96FF0150005B0BDE8F08386
:10A0800050F80C3088684A6807F02BF940EA09005C
:10A09000E6E750F80C3088684A6807F022F940F08B
:10A0A000C06040F40030DBE750F80C3088684A6844
:10A0B00007F017F940F08270D2E750F80C3088684A
:10A0C0004A6807F00EF940F08870C9E701A9FFF768
:10A0D000DDFE237801332370A7E7C1F89830C1F87B
:10A0E000A00001337CE74FF0FF30C6E700ED00E051
:10A0F0009C290100742800200000F0FF00000811D6
:10A1000008B50649064821F00701C1F1005202F5E1
:10A11000802206F052FF002008BD00BF3752002009
:10A12000641C002070B54169867A0B4D044659B114
:10A13000437ADB0706D42C2303FB06535B6A1B68B8
:10A140009B689847002363612C20214606FB005042
:10A15000BDE8704007F0F7BD2C030020024B2C2215
:10A1600002FB0030704700BF2C030020827A064BB0
:10A170002C2101FB02339A6A1B7F1B33801A23F0C8
:10A180000303B0FBF3F070472C03002038B5074BF6
:10A19000827A2C2404FB02335B6AD3E901240C602D
:10A1A0001568FFF7E3FF04FB005038BD2C030020C7
:10A1B0002DE9F04385B005466846039190461C465C
:10A1C00007F0CEFFDDE90067EFF31189402383F349
:10A1D0001288BFF36F8F6B8B002B41D02A8B9A4272
:10A1E00025D900220023284602F042FE0446F0B1A1
:10A1F00089F31188BFF36F8F039B002B41D0324648
:10A200003B46684607F0D0FFA27A264B2C2101FB83
:10A21000023320465B6A1B6803A91D68DDE9002341
:10A22000A847606170BB2046FFF77CFF24E0698B84
:10A230004B1E6B8389F31188BFF36F8F2B7F2A8BA3
:10A24000AC6A1B3323F00303521A02FB0344154B81
:10A25000154AEB1A9B105343A3722B7FE372CBE793
:10A2600089F31188BFF36F8F23464246284602F0D8
:10A27000FFFD04460028BFD10024204605B0BDE8FC
:10A28000F0836361012300252381039B6382E27ACB
:10A290006560294604F1180008F038F863692582E2
:10A2A000E360EAE72C030020A38B2EBA70B50C4CB8
:10A2B0002C2500B970BD037A4668013BDBB20372FE
:10A2C000002BF7D1C3604360837A05FB03431B6A0D
:10A2D00013B198473046ECE7FFF724FFFAE700BFD9
:10A2E0002C030020044A0123C2F840354FF080427D
:10A2F0000020C2F87835704700E0014008B50448F6
:10A3000007F0B2FB00280CBF6FF01200002008BD60
:10A310000025010008B507F083F803F0E5F9044BC8
:10A320001B680BB10A209847BDE8084003F0F0B95C
:10A33000701C002038B50446084806F0E8FF0546C2
:10A3400048B1631EDBB21F2B96BF054A0021D15CCA
:10A350000C3007F022F8284638BD00BF84030020E7
:10A360009A2D010010B5044603F0BEF9024B1C60A3
:10A37000BDE8104003F0CCB9701C00200E38012855
:10A3800010B50AD8094806F0C2FF044618B10421E6
:10A390000C3007F002F8204610BD09B10448F2E77E
:10A3A000BDE810400220FFF7C5BF00BFB00300208A
:10A3B0002C03002010B5012104460C3007F00EF8E4
:10A3C0002146034A0078BDE81040002307F053B847
:10A3D000202A010010B5012104460C3006F0FEFFD2
:10A3E0002146034A0078BDE81040002307F043B837
:10A3F000202A010038B51E4806F0A2FF04460028B6
:10A4000035D000F10C05284606F0F0FF042802D1F3
:10A41000238A012B0CD82046FFF748FF154BD3F8B1
:10A42000143123B3BDE838401349144807F037BD51
:10A430002846022106F0D2FF03780E3B012B054689
:10A440000ED80F4A0F49104840F60C4306F01CFE88
:10A45000002383F31188BFF36F8F0323184602DFB5
:10A460000A4A28780323214607F005F8D3E738BDC8
:10A47000D4010020C00000202C0200203011002058
:10A48000BA2D0100EE2D01001C2E0100082A01004A
:10A490002DE9F047884616468246002872D0BFF361
:10A4A0005B8FDFF8E490002359E8004F49E8003261
:10A4B000002AF9D1BFF35B8F002C63D02046FFF751
:10A4C00055FE324D0C2303FB00502746438853456D
:10A4D00011D0BFF35B8F59E8003F49E80072002AB2
:10A4E000F9D1BFF35B8F002B4CD01F463846BDE837
:10A4F000F047FFF7DBBEA64208D0204606F002FF79
:10A50000328AF16804F10C0006F03EFF2046FFF7A6
:10A510002DFE0C2606FB00504368ABB1B8F1000FCE
:10A5200012D12046FFF722FE06FB005001214268AF
:10A53000D2E90003127A03F01F06B1405B09DAB1D9
:10A5400000EB830006F084FF2046FFF70FFE0C2689
:10A5500006FB00508368002BC8D02046FFF706FE9C
:10A56000704305F800802046FFF700FE06FB00550B
:10A57000A86802F0AFFCB9E7C94300EB830006F01E
:10A5800091FFE1E7BDE8F087D0010020741C0020B6
:10A59000094BBFF35B8F1A68BFF35B8F02F00B02AE
:10A5A000BFF35B8F53E8001F43E800200028F9D178
:10A5B000BFF35B8F704700BF9401002010B5C1E965
:10A5C00000239DF808300B720C46FFF7CFFD034BBC
:10A5D0000C2202FB00335C6010BD00BF741C002025
:10A5E000F8B502460B46104806F091FE0446C0B18D
:10A5F00004210C3006F0BEFE2046FFF7B7FD0B4DE0
:10A600000C2707FB0050002646802046FFF7AEFDD2
:10A6100007FB005086602046FFF7A8FD07FB0055AA
:10A620006E602046F8BD00BF58030020741C002057
:10A63000034B0146D3F8340182689268104700BF8B
:10A64000C00000202DE9F04100F10C060446304620
:10A6500006F0D4FE012105463046B4F8108006F01D
:10A66000B5FE238A012B04D82046BDE8F041FFF750
:10A670001DBE3046022106F0B1FE0378052B0646CA
:10A6800022D00E3B012B21D9114A1249124841F226
:10A69000360306F0F9FC002383F31188BFF36F8FB4
:10A6A0000323184602DF022702230C4A3078214692
:10A6B00006F0E1FEBB07D7D56369A4F8108013FA52
:10A6C00085F5E560BDE8F0810327EDE70127EBE7BD
:10A6D000BA2D0100392E01001C2E0100F8290100BD
:10A6E00010B50C4603F000F8E3681A78042A19D173
:10A6F0005B78052B0AD00E3B012B0AD82046FFF7CA
:10A70000A1FF002403F004F8204610BD2046FFF707
:10A7100099FF2146064806F0FEFD0649064807F067
:10A72000BEFBEEE72046FFF7C1FD6FF01504E9E739
:10A73000D40100202C020020301100200148042107
:10A7400006F086BE9401002000487047522E01009A
:10A75000014802F037BD00BF1C02002070B505465D
:10A760000C4659B94FF0FF304FF0FF31FFF738FF7B
:10A77000044618B96FF06805284670BD2046FFF7FB
:10A78000F5FC164B0C2202FB0033A61830465D8008
:10A7900006F034FE03280BD90321304606F005FEEF
:10A7A0000580238A033B83700121304606F005FEB5
:10A7B00040F635439D4208D12046FFF739FF054654
:10A7C00048B12046FFF772FDD6E70548214607F05D
:10A7D000AFFAFFF7BDFF0025CEE700BF741C0020D5
:10A7E000DC01002038B502460B46244DD5F81C117B
:10A7F00009B9002038BD05F1F80002F0A5FB0028DA
:10A80000F7D10022002305F58E7002F031FB0446DB
:10A8100068B91B4A1B491C4840F61B4306F034FC30
:10A8200084F31188BFF36F8F0323184602DFD5F836
:10A83000100120B1FFF73AFD0023C5F81031204682
:10A8400006F094FDC5F810012046FFF7F1FE98B11F
:10A850000E4802F03FFB2046FFF788FC0C4B0C2211
:10A8600002FB00301F2140882246FFF711FE2046E0
:10A87000FFF71CFDFFF76CFF0120BBE7C0000020C5
:10A88000BA2D0100592E01001C2E0100B801002034
:10A89000741C00202DE9F04F064687B017460C4681
:10A8A00069B94FF0FF304FF0FF31FFF799FE0446D2
:10A8B00060B96FF06805284607B0BDE8F08F887A68
:10A8C000FFF74CFC454B834240F08280012200217F
:10A8D000684607F046FA2046FFF748FCDFF800A17B
:10A8E0000C2303FB00A0C0F808D0204606F03EFD74
:10A8F00001463046FFF732FF054618B12046FFF704
:10A90000D5FCD8E707F07EFD364B1A58364B9A42F5
:10A9100020D1DFF8D8B0364807F01FFA0021814671
:10A920004FF4A020FFF75EFF804688B9314A3248D5
:10A930004FF4F973594606F0A7FB3048314606F04C
:10A94000A3FB88F31188BFF36F8F0323184602DF40
:10A950004C45E0D14FF4A0220023684602F0F4FAFF
:10A96000804698B14FF4FC73224A2549224806F0EC
:10A970008BFB24484246314606F086FB002383F3D6
:10A980001188BFF36F8F0323184602DF2046FFF7BD
:10A99000EDFB0C2358431AF80060AEB12046093E87
:10A9A000FFF784FC092E0CD8DFE806F0150B0B0826
:10A9B000050B0B0B0B126FF00B057CE76FF00C0512
:10A9C00079E76FF0040576E7002F97D03C6072E7D7
:10A9D0006FF015056FE76FF06E056CE75803002008
:10A9E000741C002008000000F81500205D2E0100F6
:10A9F000DC010020BA2D01001C2E0100652E010093
:10AA0000852E01008E2E0100F7B50022114640F67A
:10AA10000340FFF73FFF0446002853D1FFF7B8FD7E
:10AA2000214601AA41F20300FFF734FF0446002843
:10AA300048D1019A854DD168D1F80100D1F80510AF
:10AA400005F1780303C31046FFF730FC214601AA45
:10AA500041F20100FFF71EFF044698BB0198C3684E
:10AA60005A7885F870205A88A5F872201A7985F8E6
:10AA70007120B3F80720A5F87420B3F80530A5F8C5
:10AA80007630FFF713FC214601AA41F20200FFF7DE
:10AA900001FF0446B0B9019FFA6805F18006531C16
:10AAA000413218685968344603C408339342264635
:10AAB000F7D13846FFF7FAFB95F87C30580604D4F6
:10AAC0006FF01204204603B0F0BD01AA002142F24B
:10AAD0000300FFF7DFFE04460028F3D1019A5C4B28
:10AAE000D168D1F80100D1F8051003C31046FFF773
:10AAF000DDFB1F23A5F8E83095F87C30990619D4C2
:10AB00004FF0FF304FF0FF31FFF76AFD0646002897
:10AB100000F0998002210C3006F030FC01234470D3
:10AB200003702246314640F66D40FFF7B3FE0446FF
:10AB30000028C7D195F89C301A0712D501AA002128
:10AB400042F21C00FFF7A6FE04460028BAD1019885
:10AB5000C368D3F80120D3F80530C5E93823FFF7DF
:10AB6000A5FB4FF0FF304FF0FF31FFF739FD0446F2
:10AB7000002868D008210C3006F000FC02270022D3
:10AB8000077042708270C270027142718271C2712C
:10AB9000214642F20100FFF77DFE0446002891D1D4
:10ABA0004FF0FF304FF0FF31FFF71AFD0646002847
:10ABB00049D008210C3006F0E1FB802343702023AC
:10ABC00004708470047144718471C770C37122462B
:10ABD000314640F60140FFF75DFE044600287FF451
:10ABE00071AF014601AA4FF60140FFF753FE04463C
:10ABF00020BB0198FFF75AFB214601AA4FF60240FD
:10AC0000FFF748FE0446C8B90198C368B3F801309D
:10AC1000A5F8C130FFF74AFB95F8C1305B070DD5A9
:10AC200001AA21464FF60340FFF734FE30B90198E0
:10AC3000C3685B7885F8C030FFF738FB03B0BDE828
:10AC4000F04000F09BBA6FF068043BE7C0000020C2
:10AC50009801002073B5264D0646D5F8340106F05C
:10AC600003FF00283CD06FF0020105F1D40006F08C
:10AC700019FC012106F0ECFB10EA010433D11D4B55
:10AC80001E600A4605F1F80007F06BF805F58E70B6
:10AC900007F042F8184807F012F9184916480094CE
:10ACA0006FF007034FF4806202F092FA14491248E1
:10ACB00007F030F9D5F83401124983681B689847CA
:10ACC000044628B93EB9FFF79FFE78B9FFF736FD75
:10ACD000204602B070BD05F1C40002F073FAF7E738
:10ACE0006FF01204F4E76FF07704F1E70446EFE742
:10ACF000C0000020801C00203011002040290020CE
:10AD0000D32E0100E1A6000010B5FFF77DFE04463A
:10AD100008B9FFF713FD044B1B681BB12046BDE8C3
:10AD20001040184710BD00BF801C0020F7B5144B21
:10AD300093F99B30002B05460C461DDA14B92046CA
:10AD400003B0F0BD082C01AA4FF0000142F2180038
:10AD5000264628BF0826FFF79DFD0028F0D1019F59
:10AD6000F96832460131284607F0A8FA3846FFF75D
:10AD70009DFA3544A41BE1E76FF08500E0E700BFD2
:10AD8000C000002038B5032104460C3006F026FB35
:10AD9000E3680578B0F80100197840F63543984229
:10ADA0000AD02246FFF774FB35B1044802F092F84E
:10ADB000BDE83840FFF7CCBC38BD00BFB80100206B
:10ADC00038B5042104460C3006F008FB45780178BC
:10ADD00040882246FFF75CFB35B1044802F07AF860
:10ADE000BDE83840FFF7B4BC38BD00BFB801002053
:10ADF000F8B50A4DEF7906460024E3B29F4202D827
:10AE00006FF0010007E02946304606F062FB073587
:10AE1000631C08B12046F8BD1C46EEE7C0000020C8
:10AE200070B5144E06223146044607F077FAE0B1B9
:10AE30004FF0FF304FF0FF31FFF7D2FB0546B0B1C6
:10AE4000062221460C3006F09FFA0022294642F2E3
:10AE50000500FFF71FFD48B93346226843F869290A
:10AE6000A288B280012283F86820002070BD6FF0B4
:10AE70006800FBE72901002037B504460D4689B17B
:10AE80001849284606F025FB60B9174A2968C4EB23
:10AE9000C404A3181151AA889A80AA799A71002033
:10AEA00003B030BD684606F0ADFA0028F8D1684618
:10AEB000FFF79EFF0028F5DA0B4A00989DF8061070
:10AEC000C4EBC404A3181051BDF804009880997114
:10AED000002DE4D012592A609A88AA809B79AB7120
:10AEE000DDE700BF872D0100C000002070B50446DB
:10AEF00011B16FF0150070BD80B11C4906F0E9FA80
:10AF000060B92046FFF774FF002829DA2378012B67
:10AF1000EFD1A37903F0C003C02BEAD1144DEB7934
:10AF2000012B20D0BFF35B8FD5F8D430BFF35B8FFC
:10AF3000DB0707D4002CDCD00C49204606F0C9FA08
:10AF40000028D6D1EE792146731C3046EB71FFF70D
:10AF500093FF08B93046CEE7EB79013BEB71CAE7C6
:10AF60006FF07700C7E76FF00B00C4E7872D010093
:10AF7000C00000202DE9F3410446D8B101AA002108
:10AF800041F20900FFF786FC054698B9019E124977
:10AF9000D6F80C8008F101070622384607F0BEF902
:10AFA00028B10E490622384607F0B8F930B93046C4
:10AFB000FFF77CF9002002B0BDE8F081D8F801303D
:10AFC000C4F80130BB88A4F8053030462570FFF77F
:10AFD0006DF90120EFE700BF942D01008E2D0100D7
:10AFE00007B56846FFF7C6FF044BD87118B169462C
:10AFF0000020FFF741FF03B05DF804FBC000002014
:10B00000F0B5294DEE7989B0002E46D195F8C230C1
:10B01000DB0722D56A4631464FF60940FFF73AFC76
:10B02000D8B9DDF800C0DCF80C406378012B1E466F
:10B0300028BF012673B1A31C02AA123418685968EC
:10B04000174603C70833A3423A46F7D11868386059
:10B050009B88BB806046FFF729F9EE710024162615
:10B060000127EB79E0B2834202D8B3B1002012E0AD
:10B0700008AB06FB0033694653F8182C33F8143C30
:10B08000CDF80120ADF805308DF80070FFF7F4FE23
:10B0900001340028E5D009B0F0BD0021084609B010
:10B0A000BDE8F040FFF722BFC00000202DE9F041CD
:10B0B0000D4617461C460646002856D0002B54D095
:10B0C0000A03037808D56D074FD406F012FA00285A
:10B0D00049D1012323700CE0E9072CD526480FB194
:10B0E000AA0608D4C3EBC302825C012A12D002B9BB
:10B0F0002270002037E090F8D820510638D5C3EBF5
:10B10000C302825C012A05D002B92270237843F081
:10B110000203DFE74FF00108072111FB038101441F
:10B12000304606F0DEF9F0B984F80080002FE0D058
:10B13000AB06DED5EAE76A0711D50F49C3EBC302B8
:10B140008E5C012E08D1072212FB0363194406F01E
:10B15000C8F940B92670EBE7002EE9D1FAE706F00E
:10B16000C8F901232370BDE8F0816FF01500FAE7FC
:10B170006FF08500F7E700BFC000002010B50A4C53
:10B18000E3790BB1002010BDFFF72AFF0028FAD1A8
:10B19000E379002BF6D1FFF733FF0028F3D1601CD1
:10B1A000BDE81040FFF73CBEC0000020F8B5456880
:10B1B0006905064635D4046914B115F0010330D091
:10B1C000194F3078FB7983422BD9C0EBC000174967
:10B1D0000722384407F0A2F8A8B115F0010306D100
:10B1E00097F87020082A02D8B2689F2A19D915F05A
:10B1F000300F09D0ACB1EA060AD405F46035B5F5D4
:10B20000603018BF0120F8BDEB0601D4002CF4D14A
:10B21000D6E902239A4204D81F2A02D9B3F5804FF7
:10B22000EBD90020EFE700BFC0000020872D010010
:10B230002DE9F04FD1F810A08BB0BAF10005064609
:10B240007C48059318BF012506F07DF940070C46A0
:10B25000934640F1E6800846FFF7A8FF28B96FF053
:10B26000150528460BB0BDE8F08F204606F058F9CA
:10B2700081460028F3D006F11008404606F063F935
:10B280000106C0F3C01300F1CF80CDE90733CDF83C
:10B290002330A3686068ADF81830E368ADF81A3061
:10B2A00006F042F96FF480718DF82500614806F0D0
:10B2B00050F9614A2378337082F86F3061682A460A
:10B2C0000DF11D033046FFF7F1FE05460028C8D1F9
:10B2D00006F10903BAF1000F18D022691168C6F807
:10B2E00009109188998092799A71204606F030FA77
:10B2F0006368DA0707461BD4980503D4149B0BB97F
:10B30000022F49D102238DF81C3023E04B4A1168EB
:10B31000C6F809109188927999809A71204606F0B2
:10B3200017FA6368DD070746E6D58DF81CA011E023
:10B3300013F0100F0CBF012304238DF81C30236978
:10B340001A68CDF81E209A88ADF822209B798DF8D6
:10B350002430A9464FF0FF304FF0FF31FFF740F99E
:10B360000546002863D00F2206A90C3006F00CF821
:10B370002946002242F20600FFF78CFA0546002813
:10B380007FF46FAFBAF1000F0CD00121304606F008
:10B39000EFF9F0B1054664E70323DDF850908DF82E
:10B3A0001C30D7E7159B0093CDE90197149B059AB4
:10B3B0005946304606F055F90028EBD101213046B8
:10B3C00006F0D6F90028E5D1606880F00200C0F3ED
:10B3D000400000F001020E21404606F02BF97B1ED2
:10B3E0005A425A414046082106F024F9B91E4A4201
:10B3F0004A414046092106F01DF96268404602F0C4
:10B4000001020A2106F016F94A4640460B2106F0D1
:10B4100011F962680D21C2F38002404606F00AF974
:10B420001FE76FF00A051CE76FF0770519E76FF06B
:10B43000680516E794010020C0000020872D010058
:10B4400073B51546069A0C46CDE900322B460A46DE
:10B4500001461148FFF7ECFE21460646002340F264
:10B4600001109D4202D1304602B070BD0A8882426E
:10B4700004D14A6812B11278D20702D401330831DC
:10B48000EFE70649064806F020FD4FF4702200233E
:10B49000034801F00BFFE6E7D8000020C3170100C6
:10B4A000F000002008B50B4806F088F90A486FF450
:10B4B000804106F04EF8084806F045F803461B06A2
:10B4C000C0F3C01005D5BDE808400248002106F0D1
:10B4D0004FB908BDD8000020E8000020084B70B527
:10B4E000C31A0D4607499B1004465943064840229B
:10B4F00006F072F92B4601462046BDE87040184719
:10B50000981C0020B76DDBB6A024010073B50C4C6D
:10B510000C4A4023041B00930D460B460A49A41015
:10B5200061430646094806F083F9011E05DA3046F4
:10B530002B4602B0BDE87040184702B070BD00BF96
:10B54000981C00209B180100B76DDBB6A0240100F9
:10B5500010B5EFF31184402383F31288BFF36F8F8C
:10B56000074A136823F00201DB07116002D40120AF
:10B5700006F06FFA84F31188BFF36F8F10BD00BF20
:10B58000E81C0020002270B5012104461046FEF799
:10B59000B1FB0F4801F050F90E4B984215D106F05F
:10B5A0005EFA26690C49304605F0CAFD00280BDB1F
:10B5B000012535642469084904F11C0005F0C0FD2B
:10B5C000002801DBE564002070BD6FF00400FBE79C
:10B5D000DDB600000000AD0B302A01007FB500226F
:10B5E0000123CDE9022304ABCDE90433094ACDF8A8
:10B5F00000D06B46CDF804D006F048F9002805DBF2
:10B600004FF480420023684601F09EFC07B05DF8CD
:10B6100004FB00BFB918010030B4104B0C2202FB30
:10B62000003301460020D3E90E529863EFF31180F6
:10B63000402484F31288BFF36F8F1C6C04F0C004A5
:10B6400044F002041C6480F31188BFF36F8F1DB1B6
:10B650002B46034830BC184730BC7047981C00206C
:10B66000A024010010B4EFF31182402383F3128869
:10B67000BFF36F8F1748016841F002040460C807E8
:10B6800007D482F31188BFF36F8F012010BC01F043
:10B69000C3B84FF08041D1F80C04D1F80C14C9079D
:10B6A000EFD5EFF3118083F31288BFF36F8F0A4950
:10B6B0000B6C03F0C00343F002030B6480F31188AA
:10B6C000BFF36F8F82F31188BFF36F8F002010BC20
:10B6D000FFF7A2BFE81C0020981C002010B1012831
:10B6E00004D07047034B1B6C5B0701D1FFF794BF7D
:10B6F000704700BF981C00202DE9F0413849BFF386
:10B700005B8F0746012251E8003F41E800200028F6
:10B71000F9D1BFF35B8F33B9324933484B60CB600B
:10B720008A6005F020FD7B1E012B2BD8012F07D14D
:10B730004FF08043D3F81C3403F00303012B21D0D6
:10B7400006F0E2FB0546F8B9284B1B78E3B14FF051
:10B7500080430222C3F808230646DFF894804FF0A6
:10B760008044D4F81824D4F81834D20315D503F043
:10B770000303012B01D0012F0FD155B386F311889C
:10B78000BFF36F8FBDE8F081EFF31186402383F3A1
:10B790001288BFF36F8F0125DFE7ADB1304605F0AA
:10B7A00091FDD4F81835002BDBD1D4F80421002A00
:10B7B000D7D0C4F80431D4F804310123C4F81835C3
:10B7C000C8F88031A360CCE70021212006F03CFCC2
:10B7D000E7E74FF080430222C3F80423D2E700BF1B
:10B7E000941C0020841C0020B41C0020052900208B
:10B7F00000E100E0EFF31182402383F31288BFF3EE
:10B800006F8F0A4BD3F8001161B10021D3F80805FE
:10B81000C3F80011D3F80031C0B282F31188BFF32E
:10B820006F8F70476FF00A00F7E700BF00D000404D
:10B83000F0B5034610469C7893F803C0EFF31182ED
:10B84000402585F31288BFF36F8F1F7893F801E0CE
:10B85000E41B04EA0C04A04288BFA0B23E180CEA24
:10B8600006063D461E7082F31188BFF36F8F0A18DB
:10B870008A4216D177450CD1EFF31182402181F332
:10B880001288BFF36F8F1978597082F31188BFF354
:10B890006F8F1B79241AA34222BF064B01221A6024
:10B8A000F0BD5E190135767901F8016B05EA0C05EA
:10B8B000DEE700BF00D00040DB432DE9F04713F086
:10B8C00001050E46144604D02248FFF7B1FFBDE83B
:10B8D000F0879AB3EFF31188402383F31288BFF304
:10B8E0006F8F0D20FEF7F8F907460D20FEF7E0F9FF
:10B8F00088F31188BFF36F8FDFF85CA0DFF85C80FE
:10B90000CAF80051DAF800314FF400590123CAF89F
:10B9100000302546C8F88091DAF8003183B1FFF78E
:10B9200069FF031EC8F88091F6DB013DADB2735587
:10B93000002DF1D117B10D20FEF7ACF92046C6E776
:10B94000EFF31180402383F31288BFF36F8F05F06C
:10B95000B9FCE1E71C1D002000D0004000E100E040
:10B960002DE9F041124F0D46144607F1450814B970
:10B970002046BDE8F0814FF0FF334FF0FF323846EC
:10B9800001F0E2FA224629464046FFF751FF0646FB
:10B99000384601F09FFA3EB94FF0FF324FF0FF33C7
:10B9A000044801F0D1FAE6E7A41BA4B23544DEE76F
:10B9B000EC1C0020041D002038B5194C0122114652
:10B9C000204606F0CEF90122002104F1180006F00D
:10B9D000C8F940F20743A4F848304FF0706323637E
:10B9E0000C2384F8343000250E4B84F84550A4F81D
:10B9F0004650D3F8042522F00102C3F804250121A2
:10BA0000C3F80051D3F80021C3F804132A46196083
:10BA10000D20FEF76FF90D20FEF73CF9284638BDE2
:10BA2000EC1C002000D0004010B5FFF7E3FE00281A
:10BA300020DB174B93F8322093F8314093F8331002
:10BA4000141B31EA0404C0B20DD193F8472093F8D7
:10BA5000464093F84810141B31EA04040BD10D4BF7
:10BA600001225A600EE09C180132114084F8350022
:10BA700083F8321010BD9C180132114084F84A003E
:10BA800083F847100448BDE8104001F023BA00BF16
:10BA9000EC1C002000D00040041D002070B50123E4
:10BAA00083400E4ABFF35B8FDC4352E8001F01EA7C
:10BAB000040542E80056002EF7D1BFF35B8F4FF428
:10BAC000803282400648C0F80823BFF35F8FBFF37F
:10BAD0006F8F0B4214BF0120002070BD441D002059
:10BAE0000010014070B40E49D1E90034D01AC318D7
:10BAF00044F1000422F07F46C1E90034A6F50013AA
:10BB0000B3F5400F09D2074B1B681A0A1B069C1994
:10BB1000054B42F10005C3E9004570BC02F0EEB8E8
:10BB2000E0110020481D0020E811002011B3BFF3F0
:10BB30005B8F0123104A834052E800CF4CEA030C8C
:10BB400042E800C10029F7D1BFF35B8F0B4A4FF4E5
:10BB500080338340C2F80433094BBFF35B8F1B680B
:10BB6000BFF35B8FC340DB0742BF064B4FF400328D
:10BB7000C3F80021704700BF441D002000100140A1
:10BB8000401D002000E100E00D4B1868010A00068E
:10BB9000BFF35F8F0B4BD3F80435181841F1000148
:10BBA000B3F5801F0AD2084BD3E90023904271EB12
:10BBB000030303D210F1807041F10001704700BF10
:10BBC000481D002000100140E81100202DE9F04F31
:10BBD00085B016461F469DF840A00446FFF75EFF5D
:10BBE0000190FFF7D1FFB04271EB070354D23E4BF7
:10BBF000301A67EB0101984271F100014FD23B4BC3
:10BC000003EB0413D3E902239F4208BF96425ED0A0
:10BC100037494FF4803804F1500508FA04F8AD00B4
:10BC2000C1F848832046ADB205F07FFE26F07F4B79
:10BC300005F1804504F5A87305F58835DC464FF01D
:10BC400003090293029A2CF07F4341F82230C1F895
:10BC50004483D1F80435274A6FF00200C01A6044CB
:10BC600020F07F40904232D9286868B1D1F804357D
:10BC70000393A3EB0B0020F07F40B0F5000F26D913
:10BC8000204605F052FE039BBAF1000F07D109EBE5
:10BC9000030C09F10109D5E7BAF1000F09D06FF0E3
:10BCA000150520460199FFF741FF284605B0BDE87C
:10BCB000F08F0123104ABFF35B8FA34052E8000FBF
:10BCC000184342E800010029F8D1BFF35B8F074910
:10BCD0000E98230101EB0412C8500F9B5360C2E978
:10BCE00002670025DDE700BF01008000D0110020C1
:10BCF00000100140FDFF7F00401D00207FB51C4C5F
:10BD00001C4BC4F80833C4F848331B4B00254FF0D4
:10BD1000FF304FF0FF31C4F80855C3E902014FF47A
:10BD20008033C4F80433154B02264FF4003201214E
:10BD3000C4F804631120C3F880212A46FDF7DAFF16
:10BD40001120FDF7A7FF0E4A0123A36023601360B3
:10BD50000C4B0D4A0093CDE9015500232846FFF70F
:10BD600035FF3046FFF7C8FC284604B070BD00BF61
:10BD70000010014003000F00D011002000E100E09E
:10BD8000441D0020E5BA0000FFFF7F002DE9F743C6
:10BD90002B4CD4F8043399070BD5D4F8043143B1B4
:10BDA000284A0023C4F80431D4F80431136801335D
:10BDB0001360D4F80433DA0323D5BFF35B8F224B2F
:10BDC00053E8002F22F0010143E800100028F7D1CA
:10BDD000BFF35B8FD30702D4D4F840318BB1002579
:10BDE000C4F84051D4F84031FFF7CEFEEFF3108293
:10BDF00072B6164BD3E90267B042B94104D282F35E
:10BE0000108803B0BDE8F0834FF0FF384FF0FF39E2
:10BE1000C3E90289D3E900101D604FF48033C4F8F0
:10BE20004833C4F84051D4F8403182F310880029D7
:10BE3000E7D0009032463B4628468847E1E700BFFE
:10BE400000100140481D0020401D0020D01100209E
:10BE500030B5431C124C85B005D08442A8BF0446BF
:10BE6000012CB8BF0124FFF78FFE0E4B0C4DD3E918
:10BE70000013401AB0F5000F10D22218AA4228BFB2
:10BE80002A4652184FF0000007490091CDE9010001
:10BE900043F10003FFF79AFE05B030BD2A46F0E7F4
:10BEA000FFFF7F00E0110020E5BA000008B5FFF7B2
:10BEB0006BFE024B1B68C01A08BD00BFE0110020DA
:10BEC00002460B46014800F00BBF00BFDC02002019
:10BED000014800F07DBF00BFDC02002008B50A4623
:10BEE0000146074805F0C3F8064805F0C0F80023EE
:10BEF00083F31188BFF36F8F0323184602DF08BD59
:10BF00001A2F01003C2C010070B5064686B0194876
:10BF10000D46194905F0A7FF01A8F4F78DFA174857
:10BF200005F0A2FD00B3164B00936846F4F7AAFA99
:10BF3000E8B94FF0FF304FF0FF31FFF7C1FF044683
:10BF400038B910491048F4F735FA044620B1FFF724
:10BF5000BFFF204606B070BDFFF7BAFF33690B483C
:10BF60001D60FEF7FFF9F4E76FF01204F1E76FF0E0
:10BF70001504EEE7501D0020711901000025010095
:10BF800041C00000F011002059C00000B9C10000FC
:10BF900030B52A4885B0F4F783F90446002845D126
:10BFA000F4F75CFA0546002845D101AA02218DF874
:10BFB0000440F4F7AFF9041E38DB082301AA072177
:10BFC0002846ADF80430F4F7A5F9041E2EDB4FF037
:10BFD0001B13019301AA40F2032303212846ADF865
:10BFE0000830F4F797F9041E20DB012301AA04218D
:10BFF00028468DF80430F4F78DF9041E16DB1F2354
:10C0000001AA06212846ADF80430F4F783F9041E8E
:10C010000CDB40F262239C420BDD85F31188BFF3F9
:10C020006F8F0423184602DF6FF00B04204605B023
:10C0300030BD2C46FAE76FF08504F7E7DDBE00005F
:10C0400010B403460A46034881680C681946234623
:10C0500010BC18470025010070B53C4C94F84730DF
:10C06000F3B194F84730042B43D120783E2829D0EF
:10C07000FF282DD0002563780233472B5CD800229F
:10C0800000232946FEF77AF9064630BBCDB10023DE
:10C0900084F84730BDE870402D492E4805F0FFBEBA
:10C0A0004FF0FF304FF0FF31FFF70AFF48B904F1BE
:10C0B0004701204600F00CFB0546FFF709FF002D65
:10C0C000CFD070BDA578022D14BF00250125D2E781
:10C0D000A57805F0FD05802DF6E762781B49023250
:10C0E0000C3005F051F91C4B1B6831461B48984732
:10C0F000CDE7022B14D1002200230820FEF71AF905
:10C1000005460028DDD062880432472A14D80F493A
:10C1100005F10C0005F038F90F4B29461B68E5E7DF
:10C12000082BB4D1002200232020FEF703F96288F7
:10C1300005460028E8D1C4E7002383F31188BFF344
:10C140006F8F0423184602DFA1E700BF7528002087
:10C15000501D0020581400204C1D002020250100F7
:10C1600038B50B8A0D461BB96FF01504204638BD53
:10C1700001F10C0005F03AF90128F5D14FF0FF303C
:10C180004FF0FF31FFF79CFE04460028EED1E8682F
:10C1900000F02EF80446FFF79BFE002CE6D1044980
:10C1A000044805F07CFE2846FEF780F8DEE700BF75
:10C1B000501D0020581400200A4B93F84730042BE0
:10C1C00002D1810709D47047022B02D1020704D49F
:10C1D0007047082B05D1830603D50349034805F0B2
:10C1E0005EBE704775280020501D002058140020A6
:10C1F000F7B5C74D2B780646002B40F0628204232A
:10C200008DF80730C34B04881F68B7B10DF10603E2
:10C210000DF10702691CB84701280ED09DF80630C1
:10C22000002B40F028819DF80730AB700E220123CF
:10C230006A70EB70AC80A87126E1A30A082B6BD062
:10C2400009D8032B0ED0042B1FD0012040F2064347
:10C250009C427DD10FE13F2B00F07381012001282A
:10C260000AD0E0E7B6F9003040F60142934205D02B
:10C2700040F60342934205D00120FCE0F01CFBF79E
:10C28000D2FCECE7F4F7C8F9E9E73388A3F580536B
:10C29000013B082BF0D801A252F823F0C1C20000E4
:10C2A000D3C20000E7C2000079C2000079C20000DA
:10C2B00079C2000079C2000079C2000007C3000003
:10C2C0009DF80730944808338DF80730FBF734FDAC
:10C2D000C5E79DF80730904840338DF8073005F0EA
:10C2E00049FB00209FE79DF8073008338DF80730A1
:10C2F000894B00221A605A60EB7A23F0600343F006
:10C300006003EB72EDE79DF80730834806338DF844
:10C310000730FBF713FDA2E7304642F21C0130F86C
:10C32000033B1AB28A4259DCB2F5005F42F2640262
:10C3300014DC9442A0D000F2C28142F219039C4264
:10C3400000F2BB8142F20C039C424FF0010067D81F
:10C3500040F21D439C4200F08E8080E7A3F500531D
:10C36000013B1B2BE5D801A151F823F0F7C30000D6
:10C370002FC4000041C4000033C3000093C4000078
:10C3800099C400009FC40000B1C40000B7C40000FD
:10C39000BDC4000033C3000033C3000033C300003A
:10C3A00033C30000C9C40000DBC40000E1C40000C6
:10C3B000E7C4000033C3000033C3000033C30000F0
:10C3C00033C30000EDC40000FFC4000033C300000D
:10C3D00033C3000033C300001DC5000042F24B030D
:10C3E0009A4200F0A58042F27C039A4269D042F260
:10C3F00064039C429EE7FBF7A3FC42F264039C4269
:10C4000039D042F264039C4200F2038142F21903E4
:10C410009C4200F2468142F20C039C427FF616AF2A
:10C42000A4F500530D3B9BB241F2412232E19DF84D
:10C430000730394803338DF80730FBF786FCDCE71B
:10C440009DF80730344808338DF8073005F0B5FA09
:10C4500042F264039C420DD000F2DA8042F21903EA
:10C460009C4200F21D8142F20C039C4240F20B817F
:10C470000020D5E700200F236B700423AB7001234D
:10C48000E8702B71A5F8054001232B70002003B044
:10C49000F0BDFBF75CFCB0E7FBF75BFCADE79DF89C
:10C4A00007301D4801338DF80730FBF754FCA4E733
:10C4B000FBF753FCA1E7FBF752FC9EE7FBF751FCAF
:10C4C0009BE7FBF762FC98E79DF8073012480133C1
:10C4D0008DF80730FBF747FC8FE7FBF746FC8CE74E
:10C4E000FBF745FC89E7FBF744FC86E79DF807303E
:10C4F000094910338DF80730FBF73DFC7DE79DF8C7
:10C500000730054808338DF80730FBF736FC74E731
:10C51000BD280020601D0020C42800209DF80730A1
:10C5200008338DF807300323EB710023EB728FE79C
:10C530009DF80730644802338DF80730FBF723FC81
:10C540005BE730464FF60C5230F8033B934236D847
:10C550004FF60152934206D803F2FF3292B20A2AF2
:10C5600020D901203AE0A3F57D43023B0A2BF8D8FD
:10C5700001A252F823F000BF65C600006BC60000A0
:10C5800071C6000077C6000063C5000063C50000E7
:10C5900063C5000063C5000063C5000063C50000FB
:10C5A0007DC60000A3F57C43013B0A2B69D8DFE878
:10C5B00003F00D1B6868684D68683B4450004FF6F7
:10C5C0001D529342CDD1FBF7B5FB07E09DF8073034
:10C5D0003D480C338DF80730FBF72AFB24F00803A5
:10C5E0004FF602529342B6E69DF8073040338DF87D
:10C5F0000730354B00221A80EB7923F0230343F0F8
:10C600002303EB712B7A23F0070343F007032B720C
:10C61000002042F285039C42E0D842F267039C422C
:10C6200033D842F2660395E69DF807302648173363
:10C630008DF80730FBF719FBD0E79DF8073022484B
:10C6400020338DF80730FBF734FBC7E7FBF70BFB14
:10C65000C4E79DF807301C4801338DF80730FBF71D
:10C6600045FBBBE7FBF758FBB8E7FBF757FBB5E724
:10C67000FBF756FBB2E7FBF759FBAFE7FBF758FBBD
:10C68000ACE70120BDE6002062E6A4F50153283B9B
:10C690000E4A9BB222FA03F3DB077FF5E0ADEAE630
:10C6A000002042F232039C423FF4E5AEA4F5015370
:10C6B000033B012B7FF6DFAED1E50120F1E701203E
:10C6C000A7E74FF0FF30E2E6C42800202F8040208B
:10C6D00038B5094C23780D461BB9BDE83840FBF747
:10C6E00092BAA278611C023205F0E8FD0020042312
:10C6F00020702B7038BD00BFBD28002070B50546E6
:10C700000E46084C204605F0AFF938B1A368B2B226
:10C71000294620461B68BDE8704018476FF012009C
:10C7200070BD00BF0025010008B50A460146074854
:10C7300004F09DFC064804F09AFC002383F3118862
:10C74000BFF36F8F0323184602DF08BD4B2F010094
:10C750003C2C010037B53223ADF80430124A0023D7
:10C760000125192168468DF80630ADF800508DF886
:10C770000230FAF7C3FB044698B905F0A0F880B27E
:10C78000F7F73AFD2A4621460820FDF7B3FA2A4674
:10C7900021460B20FDF7AEFA2A4621462846FDF732
:10C7A000A9FA204603B030BD29C70000014902485C
:10C7B00005F075BB641D00205814002037B50D4DE1
:10C7C0000D49002400946FF009034FF4806228465D
:10C7D00000F0FEFC0949284605F09CFB0849094881
:10C7E00005F041FB224604211920FDF783FA20467B
:10C7F00003B030BD58140020802D0020602F0100B0
:10C80000D7190100641D002010B9024B1B6818479E
:10C81000704700BF741D002028B1012807D10449CA
:10C820000020F7F711BC034B01201B681847704725
:10C8300009C80000741D0020014B186001487047B2
:10C84000741D00200000AD0B4FF08053D3F8302151
:10C85000082A06D1D3F83431052B02D8024AD05C1D
:10C8600070470020704700BF702F010008B54FF0DF
:10C870008053D3F83021082A4ED14FF08042002156
:10C88000C2F80C11C2F81011C2F8381502F5404276
:10C89000D3F80414C2F82015D3F80814C2F82415EC
:10C8A000D3F80C14C2F82815D3F81014C2F82C15BC
:10C8B000D3F81414C2F83015D3F81814C2F834158C
:10C8C000D3F81C14C2F84015D3F82014C2F844154C
:10C8D000D3F82414C2F84815D3F82814C2F84C151C
:10C8E000D3F82C14C2F85015D3F83014C2F85415EC
:10C8F000D3F83414C2F86015D3F83814C2F86415AC
:10C90000D3F83C14C2F86815D3F84014C2F86C157B
:10C91000D3F84434C2F87035FFF796FF18B1234BB3
:10C92000234AC3F88C26FFF78FFF18B1214BFB2257
:10C93000C3F81825FFF788FF70B14FF080414FF022
:10C940008053D1F8E42ED3F8583222F00F0203F0CE
:10C950000F031343C1F8E43EFFF776FF20B1164BF7
:10C960004FF40072C3F840264FF08053D3F83031B3
:10C97000082B1AD14FF08043D3F80024D20744BFCC
:10C980006FF00102C3F800244FF08053D3F8343124
:10C99000052B02D8094AD35C3BB14FF01023D3F8E2
:10C9A00008224FF08043C3F8582508BD00500040CE
:10C9B0004881030000F00040009002406A2F01000F
:10C9C00038B5EFF31185402383F31288BFF36F8FDF
:10C9D000064B9C6805F05BF885F31188BFF36F8FF9
:10C9E0002046BDE83840FDF7FDB800BF781D0020A7
:10C9F00038B50A4B53F82040013053F82050A54277
:10CA000000D838BD606830B1037FDB0701D405F082
:10CA100041F80834F3E723689847FAE7602A0100F1
:10CA200070B52A4B2A4C2B4D012286B003201A7078
:10CA3000FFF7DEFFFCF7E0FD0420FFF7D9FF2646F5
:10CA4000AE4204F1300410D300F04EFE204C224ED2
:10CA5000AC4226D300F05CFEFCF732FC1F4A137B8D
:10CA600023F00103137306B070BD54F80C3C05931A
:10CA700054F8103C049354F8143C039354F8183CB5
:10CA8000029354F81C3C019354F8203C009354E961
:10CA90000A2354E90C0100F00FFC54F8303C5E65A9
:10CAA000CDE7D4E90A23B3F1FF3F08BFB2F1FF3F5E
:10CAB00005D052EA0301206803D100F0E5FE3034CE
:10CAC000C6E73146183001F087F8F8E7052900205D
:10CAD000C0260100C02601000920010078150020B1
:10CAE00008B50348034A0021121A04F0EAFF08BD02
:10CAF000E00300200829002070B5002386B0012241
:10CB0000CDE90423134E144D01930F22CDE90232D7
:10CB10001249142303FB005506EBC01604464FF4DC
:10CB2000C07000FB04110E4B00954FF4A07230460C
:10CB300000F0C2FB737B0B4AEE6023F004037373B7
:10CB40004FF4046304FB033313442C746B6006B08E
:10CB500070BD00BFF8140020781D0020003A0020AE
:10CB6000D11B0100C0310020BFB50020FFF740FFFE
:10CB70002A4B83F308882A4C2A4F636943F40073D5
:10CB80006361E02384F8223000252023E3772576B3
:10CB90006576A57684F82050636A43F4E0236362E7
:10CBA00084F82350FCF79AFFFDF730F94FF0FF337C
:10CBB000A362E362FDF7F0F9FDF74CF91A481B4C4C
:10CBC00000F0F2FB04F04FFF0120FFF711FF0220FD
:10CBD000FFF70EFF00F0D0FD154B16495C61164BB8
:10CBE00005930123CDE903534FF400623B46CDE9A1
:10CBF00001550095204600F05FFB627B064622F05F
:10CC000004022046627305F0C2F92846FFF774FF5C
:10CC10003A4631462046FDF7DBF800BF003A0020D7
:10CC200000ED00E021CA00009816002078150020D1
:10CC3000781D0020803B0020762F010038B5064C7F
:10CC4000064DAC4201D3002038BDD4E90112204684
:10CC500004F03BFF1434F4E7C8020020C8020020AF
:10CC600038B5064C064D0020AC4200D338BD2046F6
:10CC700004F04FFF0028F9DB1C34F5E7C802002060
:10CC8000C802002073B50C46EFF31181402585F3EF
:10CC90001288BFF36F8FC5685DB125602B68C360D4
:10CCA000836901338361002081F31188BFF36F8FA3
:10CCB00011E052EA030603D125606FF00B00F3E7A1
:10CCC000CDE900230246083000F054FC18B9034BAC
:10CCD0009B681B69236002B070BD00BF781D0020F7
:10CCE0002DE9F341044617461E46EFF31188402311
:10CCF00083F31288BFF36F8FC368334A7BB18068B8
:10CD00009168884219D057EA060318D188F3118830
:10CD1000BFF36F8F6FF00F0002B0BDE8F081916834
:10CD200091F90E1021610133E3609368A36088F3E9
:10CD30001188BFF36F8F0020EEE72169F2E791F9C8
:10CD40000E1090F90E309942A8BF19466FF07E027E
:10CD50009142B8BF11468B422DDD04F044FF0546D9
:10CD6000CDE9007619482246414600F003FC002830
:10CD7000E1D0EFF31186402383F31288BFF36F8F66
:10CD8000A068D0B1236821699C420AD04BB193F9C5
:10CD90000E309942A8BF19466FF07E039942B8BF82
:10CDA000194604F020FF40B10848314600F076FCF7
:10CDB0006FF00A00B0E70025D2E7002DF4D186F32A
:10CDC0001188BFF36F8FF3E7781D0020062900203C
:10CDD000F8B583680546002B3FD0234A92689342FA
:10CDE0003ED1C368012B03D9013BC3600020F8BDCD
:10CDF000EFF31187402383F31288BFF36F8F01692C
:10CE0000806804F0F0FE2C68A54207D10023C5E934
:10CE1000023387F31188BFF36F8FE7E7002CF5D05B
:10CE2000D4E9003213605A60637B002623F00203CA
:10CE30006373C4E90066A66004F1180005F064F9A4
:10CE4000AC6094F90E302B612046E66705F09FF840
:10CE50000648394600F022FCC8E76FF01500C6E727
:10CE60004FF0FF30C3E700BF781D002006290020E7
:10CE700037B51146EFF31185402282F31288BFF3D4
:10CE80006F8F04689CB12368426823F003039442C7
:10CE9000036008BF43600121204604F031FF0446CF
:10CEA00085F31188BFF36F8F204603B030BD51EA80
:10CEB0000302F5D000F10802CDE90013104629461F
:10CEC00000F058FB0028EFD1014B9B681C69EBE791
:10CED000781D002070B5EFF31186402383F312888C
:10CEE000BFF36F8F0468A0421AD0CCB1D4E90032EE
:10CEF00013605A60637B002523F00203C4E90055E8
:10CF00006373A56004F1180005F0FEF8E56720469C
:10CF100005F03DF831460B48BDE8704000F0BEBB5F
:10CF2000D0E902329A4218BF0133836002211030E7
:10CF300005F09EF90028EDD186F31188BFF36F8FBD
:10CF400070BD00BF0629002013B5EFF31181402406
:10CF500084F31288BFF36F8F846844B1013C84600E
:10CF600081F31188BFF36F8F002002B010BD52EA29
:10CF7000030406D181F31188BFF36F8F6FF00F00A8
:10CF8000F3E7CDE900230246014800F0F3FAECE7AD
:10CF90000629002007B5074B0093074907484FF0C3
:10CFA000FF334FF4006200F013F9002003B05DF886
:10CFB00004FB00BF782A0100C0430020F8150020C0
:10CFC0002DE9FF414F4E04464027EFF3118887F3C8
:10CFD0001288BFF36F8FD4F88450F5B9022104F1A1
:10CFE0009C0004F0CEFE002868D004F194050022D5
:10CFF0000121284605F04FF80028F8D100230293BC
:10D000004FF0FF324FF0FF33CDE90023414604F1EA
:10D010008C023D4800F0FEFCD7E7D4F888202B684E
:10D02000C4F88430954208BFC4F88830D4F89C30E6
:10D0300043F00203C4F89C30EB6823F0040343F090
:10D040000103EB606B6888F31188BFF36F8F28468C
:10D050009847EFF3118887F31288BFF36F8FEB685F
:10D06000D80623F0010236D4EA60EB689A0716D599
:10D07000306823F00203EB6088B10368002170B1CF
:10D080004268954235D1036869BB72683360824259
:10D0900000D17360002340F8083BFFF71BFFD4F872
:10D0A0009C3023F00203C4F89C3088F31188BFF34E
:10D0B0006F8FDB0589D400F067FB86E7D4F89C30DE
:10D0C000D9069BD5C4F89C0088F31188BFF36F8FF5
:10D0D00004B0BDE8F08123F01103EB6005F110000E
:10D0E000FFF7F8FEC1E70B607368834208BF716009
:10D0F000D0E723B11A68014618461346BFE71A461F
:10D10000F9E700BF981D002006290020F8B5C36884
:10D110009A0704460F46C3F340062ED45B071CD47F
:10D120000B680BB983680B60E368DD0744BFA36835
:10D130003B603D684CBF02260126002D3CD0204BB1
:10D140009A68D5F880309A420AD0D5F89C30D80732
:10D15000C3F3800214D46FF0120600233B6025E075
:10D1600004F0D2FED5F89C300028F0D1D907C3F3E3
:10D17000C002F0D552B15B0708D46FF00F06ECE7A0
:10D18000002AFAD1C3F3C003002BF6D10023236099
:10D19000D5F8883063B9C5E92144284604F00BFE70
:10D1A000E36843F00403E3603B68A3603046F8BDE6
:10D1B0001C60C5F88840F0E76FF01506CDE700BFAA
:10D1C000781D00200146014804F069BEF8150020D2
:10D1D000F0B589B004460020C4E921000E9D04F199
:10D1E0008C00C4E9230004F19400C4E9250055B380
:10D1F0002879002840F2011008BF0120C4F89C00E3
:10D2000000204FF0FF364FF0FF37CDE90330CDE976
:10D210000100CDE906670D4B0094204600F098F818
:10D2200055B1296811B1204604F074FE6B791BB129
:10D23000237B43F001032373204600F025FBC4F851
:10D24000804009B0F0BD0120D8E700BFC1CF000089
:10D25000F7B50C46019016461D46EFF311874023A3
:10D2600083F31288BFF36F8F084604F095FD55EAEB
:10D27000060309D101A92046FFF748FF87F311886B
:10D28000BFF36F8F03B0F0BDE368074943F00803B5
:10D29000E360019BA36232462B4604F1100000F0CC
:10D2A0009BFC0120EAE700BF2B1E0100014601485C
:10D2B000FFF7CEBFF81500202DE9F043073285B007
:10D2C00022F007020E461F461099017300F1580321
:10D2D0007F32C0E916330446002322F03F020421C6
:10D2E000836041733F2A0F98A073C4E90633E37348
:10D2F00006F14009A2F1400805D883F31188BFF375
:10D300006F8F084602DFB51829462046FCF772FAEF
:10D3100007300E9B20F00700E066C4E919980293DD
:10D320000D9B01932D1A0C9B00932A463B463146D8
:10D330002046FCF71BFD00236365044B9B6803B18B
:10D340001B6F2367284605B0BDE8F083781D0020D9
:10D35000F0B587B000250595109D04950F9D0395A8
:10D360000E9D0295DDE912760D9D01950C9D0095AF
:10D370000446FFF7A1FFB6F1FF3F08BFB7F1FF3F3B
:10D3800005D056EA070305D1204600F07DFA204675
:10D3900007B0F0BD3A46334604F11800014900F0E9
:10D3A0001BFCF4E70920010040F2011383810023F4
:10D3B000C0E919330367014B98607047781D00205E
:10D3C000094A93686FF00A01D967084998674B6862
:10D3D00043F080534B60002383F31188BFF36F8FBA
:10D3E0009368D86F704700BF781D002000ED00E003
:10D3F00070B590F90D20437B002A36DBD90634D175
:10D400001B4C63F07F032246437352F8183FE169D7
:10D41000934207D1C0E900210860E06111E0994220
:10D42000F8D01B68002BF5D090F90E5093F90E60E0
:10D43000B542F4D0AE42F2DD5968C0E9003108606F
:10D440005860A569954200D005B9E568A3685A7B84
:10D45000D20604D1DA897F2A01D9AA6932B1AB4256
:10D4600002D0284600F016FB656170BD6361FCE7E1
:10D47000781D002038B590F90D20437B002A014625
:10D4800004DA03F07F03437304F047FD0D4D2A4691
:10D49000AB6852F8184F944200D004B9EC688B4244
:10D4A00007D05A7BD20604D1DA897F2A01D9A26932
:10D4B0002AB1A34202D0204600F0ECFA23466B6169
:10D4C00038BD00BF781D0020B3F1FF3F08BFB2F1A7
:10D4D000FF3F03D00249183000F07EBB704700BF09
:10D4E0000920010070B590F90D20437B002A014608
:10D4F00004DA03F07F03437304F00FFD4B7B1C4CF5
:10D5000063F07F0322464B7352F8183FE069934261
:10D5100007D1C1E900200160E16111E09842F8D033
:10D520001B68002BF5D091F90E5093F90E60B542AF
:10D53000F4D0AE42F2DD5868C1E9003001605960B4
:10D54000A569A368954200D005B9E5688B4207D06C
:10D550005A7BD20604D1DA897F2A01D9AA692AB175
:10D56000AB4202D0284600F095FA2B46636170BDAD
:10D57000781D0020F8B50E4B0C4611460D4A9868F0
:10D580001060DDE90667EFF31182402282F3128812
:10D59000BFF36F8F9D68284604F0D1FC28463246C1
:10D5A0003B46FFF791FF2046BDE8F840FFF708BF74
:10D5B000781D0020A01D0020F8B50446EFF3118768
:10D5C000402383F31288BFF36F8F437B03F01F0266
:10D5D000002A0CBF0126002649B239D103F07F038F
:10D5E000437304F09AFC2C4D437B817363F07F03FB
:10D5F0002A46437352F8183F934227D1E869C4E999
:10D6000000200460EC610FE09842F8D01B68002B0A
:10D61000F5D093F90EC06145F6D08C45F4DD59681C
:10D62000C4E900310C605C60AC69944200D004B97C
:10D63000EC68AB689C4202D0204600F02BFA6C618B
:10D6400087F31188BFF36F8F3046F8BDE869DEE7D6
:10D650009B071ED5856804F060FC81732B689D4292
:10D6600009D16B68C4E900531C606C60E8E76A6824
:10D670009342F6D01B68002BF3D093F90E20914211
:10D68000F5D08A42F3DD5A68C4E9003214605C6068
:10D69000D6E78173D4E700BF781D002049B9EFF3C6
:10D6A000058030B9054B5A699B689A4201D0FFF753
:10D6B00087BE81F31188BFF36F8F7047781D0020FC
:10D6C000034648B9EFF3058232B9064A51699268B8
:10D6D000914201D0FFF774BE83F31188BFF36F8FBF
:10D6E000704700BF781D0020EFF31181402383F3C2
:10D6F0001288BFF36F8F054B9A68D37B013BD373BE
:10D7000081F31188BFF36F8F704700BF781D002031
:10D7100070B5EFF31186402383F31288BFF36F8F48
:10D72000144DAB68DA7B0132DA732A4652F8184F8F
:10D73000944200D004B9EC685A7BD20604D1DA894D
:10D740007F2A01D9A2692AB1A34202D0204600F063
:10D75000A1F923466B6186F31188BFF36F8FEFF356
:10D760001180402383F31288BFF36F8FBDE87040B0
:10D77000FFF7A6BF781D0020024B03F11802C3E992
:10D7800006227047781D002070B5EFF31186402304
:10D7900083F31288BFF36F8F1B4CA168E0690B689D
:10D7A000814214BF1A46002249680B605960A36881
:10D7B000E1692AB9154AC3E900210B60E3610CE075
:10D7C00093F90E0092F90E50A84218D0854216DD4A
:10D7D0005168C3E900210B605360A5690B4B9D4262
:10D7E00000D005B9E568A3689D4202D0284600F044
:10D7F00051F965613046BDE87040FFF7E1BD8A42EE
:10D80000D8D01268D5E700BF781D0020901D0020F9
:10D81000F8B550EA010306460C4603D1FFF7B4FF02
:10D820000020F8BDEFF31187402383F31288BFF384
:10D830006F8F124D124BA8681860FFF71BFEA86887
:10D84000104923463246183000F0C6F9AA68537BC7
:10D8500043F00403537304463846FFF7B1FDAB6849
:10D86000D3E90A23B3F1004F08BF002AD8D104F04E
:10D8700073FC201A20EAE070D3E700BF781D002077
:10D88000A01D00200920010038B50446EFF31185E2
:10D89000402383F31288BFF36F8F437B5B070FD561
:10D8A000183004F031FC637B23F0040320466373DB
:10D8B000FFF79EFD29460548BDE83840FFF7EEBE5C
:10D8C00085F31188BFF36F8F38BD00BF0629002094
:10D8D000014B9868704700BF781D00202DE9F84380
:10D8E0000446077BEFF31185402383F31288BFF3CF
:10D8F0006F8F437B190705D585F31188BFF36F8FB1
:10D90000BDE8F883D90943F008025AD14273A368ED
:10D9100013B1204604F009FB04F1180004F0F4FBF5
:10D92000A66D04F15808B04511D04FF0000976B14A
:10D93000304604F0FAFA06F1180004F0E5FBC6F8E8
:10D940007C903046FFF754FDA66DB045EFD1DFF86F
:10D95000B880D8F808309C423BD1EFF30589B9F183
:10D96000000918BF4FF00109D8F81860274A9642FD
:10D9700000D00EB9D8F80C60B34202D0304600F0A7
:10D9800089F8C8F81460B9F1000F02D02048FFF7F9
:10D990000BFDD8F808309C4231D1EFF3058373BBFF
:10D9A000227BD20718D42846FFF70AFDFB07A7D52C
:10D9B000002383F31188BFF36F8F0423184602DF1F
:10D9C0009EE703F07F0343F00803437304F0A5FAD6
:10D9D0009DE74FF00009C7E785F31188BFF36F8F0C
:10D9E00083F31188BFF36F8F0423184602DFEFF330
:10D9F0001180402383F31288BFF36F8FD4E785F340
:10DA00001188BFF36F8FD1E7781D0020901D002093
:10DA100098160020D3B5DDE90667089CCDE90067BC
:10DA2000FFF7A8FD1CB1034B9B681B69236002B084
:10DA3000D0BD00BF781D0020044BC01A044BC0109D
:10DA40005843044B01221A54704700BF1817002096
:10DA5000ABAAAAAA06290020C3897F2B12D80A4B99
:10DA60001B6863B1094B90F90E201B689A4209DBD1
:10DA7000437BDB0606D1064BC31A18BF012303F014
:10DA8000010070470023FAE73C020020A41D00209B
:10DA9000F814002070B50E4B0E4C1E7C06EB4603AE
:10DAA00004EBC3040546204604F02EFB0A4B00227B
:10DAB00028469A55FFF7D0FF48B1084B08491A6825
:10DAC000013A2046D317BDE8704000F085B870BD1C
:10DAD000781D002018170020062900203C02002095
:10DAE00039DA000038B5EFF31185402383F312884B
:10DAF000BFF36F8F104B114A9C681068A04206D18B
:10DB0000FFF7C8FF85F31188BFF36F8F38BD002181
:10DB10001B7C11600A4AD35C002BF3D02046FFF730
:10DB20009BFF0028EED0637BDB0602D12046FFF787
:10DB3000D9FC2046E4E700BF781D0020A01D00208E
:10DB4000062900200748084A084908B5121A03F0B8
:10DB5000BAFF0748074A0849BDE80840121A03F00F
:10DB6000B2BF00BF00000020DC030020C82F01006E
:10DB70000000002000000020C82F0100024B1868A0
:10DB8000984208BF0020704740020020034B1B68EA
:10DB90000BB9FEF78BB90020704700BFA81D00200D
:10DBA00030B570B10B4B5B6898420AD0036843B143
:10DBB000D3E90421D0E90445121941EB0501C3E979
:10DBC0000421D0E9003213605A600023C0E9003319
:10DBD00030BD00BF40020020B3F1FF3F08BFB2F1EB
:10DBE000FF3F2DE9F84F0446994615461F467BD066
:10DBF0008160EFF31188402383F31288BFF36F8FA6
:10DC0000013279F1FF33DFF8E8A020DBFFF7BEFF38
:10DC1000DAE90027013549F100092D1849EBE073D5
:10DC2000C4E90453AD18064643EB07074FF001095A
:10DC3000FFF7A4FFDFF8BCE0DEF804A00346EBB971
:10DC4000C4E900EACAF80040CEF8044028E0DAE966
:10DC500000126FF001035B1A4FF0FF3161EB02021B
:10DC60005B1B62EB0902012B72F10001BCBF0123B7
:10DC70000022C0E904324FF00009D9E7D3E9041CBF
:10DC8000D4E904208A4270EB0C0B24DA891A5A6812
:10DC90006CEB0000C3E90410C4E9003214605C605E
:10DCA000FFF76CFF84420ED1134B1B685BB9B9F1CF
:10DCB000000F02D1FFF76AFF0646304604F00DFA66
:10DCC0000021FEF7C5F888F31188BFF36F8F28464F
:10DCD0003946BDE8F88F521A60EB0C009A45C4E94A
:10DCE0000420ADD01B68AAE700252F46EFE700BF50
:10DCF0003017002040020020A81D00202DE9F04729
:10DD0000EFF31185402383F31288BFF36F8FDFF8A1
:10DD1000A490DFF8A480C9F80000FFF72FFF0026C9
:10DD20000027D9F80030D8E900ECD91750B1D0E974
:10DD30000442A34271EB020A1CDAE41A62EB01020C
:10DD4000C0E9044213EB0E034FF000044CEB010159
:10DD50002046C8E90031C9F8004004F0BEF9214668
:10DD6000FEF776F885F31188BFF36F8FBDE8F047B3
:10DD7000FFF7B8BE14EB0E024CEBE473C0E9046786
:10DD8000C8E90023FFF70CFF85F31188BFF36F8FFD
:10DD900083689847EFF31185402383F31288BFF31C
:10DDA0006F8FD9F800301B1BC9F80030FFF7E6FE73
:10DDB000B7E700BFA81D00203017002010B5EFF313
:10DDC0001184402383F31288BFF36F8FFFF7DEFEC9
:10DDD000054A0346D2E90001181841EBE37184F3C8
:10DDE0001188BFF36F8F10BD3017002038B5034680
:10DDF000EFF31185402282F31288BFF36F8FC16069
:10DE0000012181600068834206D185F31188BFF348
:10DE10006F8F0024204638BDD0E9003213605A606D
:10DE20000023C0E9003304F0E0F929460446024823
:10DE3000FFF734FCEEE700BF07290020F8B50746DE
:10DE40000C46164604F060F808B10020F8BD0D4BF2
:10DE50009B681D6F002DF8D0221DF6D2EFF31184C0
:10DE6000402383F31288BFF36F8F47F004012846E5
:10DE7000B04784F31188BFF36F8F0028E5D040F8D6
:10DE8000045BE3E7781D00200146024A0020FFF70B
:10DE9000D5BF00BFB50F010010B50C4C236813B1FE
:10DEA0000B4B1B682BB900F029FE30B9084B01223F
:10DEB0001A6001232360002010BD0138062801D913
:10DEC000044810BD044B53F8200010BDB01D0020C5
:10DED000AC1D0020FE8FFFFF802A0100BFF34F8F93
:10DEE0000549064BCA6802F4E0621343CB60BFF3F6
:10DEF0004F8F00BFFDE700BF00ED00E00400FA0512
:10DF000010B4094B09490A4C4FF0FE32C3F8002403
:10DF10004968C3F80424C3F80824C3F80C24002378
:10DF2000C4F8003510BC084700B002504802002079
:10DF300000A00250D0E90012014BC3E90012704763
:10DF4000480200202DE9F043134B144E002814BF63
:10DF500004461C4683B02368B34219D00D462046C0
:10DF60004FF4E07104F10409174604F58E7800F0CF
:10DF7000E9F8484600F0ACFC404600F0DBFA0849FE
:10DF800000972B464A46404600F0EAFA08B9266058
:10DF9000002003B0BDE8F083B41D0020A5BCC95A21
:10DFA00059E9000070B51D460C4B002818BF034608
:10DFB0000B481E68864282B00DD1002603F58E7094
:10DFC00000963346144600F017FB002818BF34466D
:10DFD0002C6002B070BD0348FBE700BFB41D0020F9
:10DFE000A5BCC95AE88FFFFF10B5044650B163685D
:10DFF00013F0685F05D0064A934202D000232360E5
:10E00000626010BD034B04485B689847EFE700BFB0
:10E010002C5F5CA9480200209C2A0100C8B143681B
:10E020000D4A934213D013F0685F0ED0012350E8DD
:10E03000002F194640E8001C9CF0000FF7D1012A80
:10E04000F5D0BFF35F8F0020704704487047044845
:10E0500070476FF4E04070472C5F5CA9E98FFFFFC9
:10E06000EA8FFFFF80B14368094A93420AD013F058
:10E07000685F05D0BFF35F8F0023036018467047C9
:10E0800004487047044870476FF4E040704700BF91
:10E090002C5F5CA9E98FFFFFEA8FFFFF10B50446F4
:10E0A00020B1044B63600022226010BD0248FFF7DC
:10E0B00027FFF6E73A00003AC42A010070B5D0E91C
:10E0C0000023174C174D6360D0E90230C4E90230D9
:10E0D00022604868D1F800C0134BC3E900C0D5F8EE
:10E0E0001801D1F808C0C3F808C010F0685FD1F873
:10E0F0000CC00969C3F80CC0196110D00B49C5F8F0
:10E10000BC110023C5E9453105F58A70C5F8B83161
:10E110009047236805F5DC70BDE87040184770BD76
:10E1200064020020B41D0020500200202C5F5CA976
:10E1300038B131B1014400220346013081421A70E6
:10E14000FAD1704738B131B10144002203460130A1
:10E1500088421A70FAD170472DE9F04FB2F5C07FAE
:10E16000B5B000F2D780DFF8B49114460D464FF4F5
:10E17000D07200210DF15C080746484604F0C6F84D
:10E18000404601F051F9002309F11806A9F81030B2
:10E1900063BA29462246A9F812303046202389F86E
:10E1A000173004F08BF85E4B079303F104338022A1
:10E1B000089303F104330993325503F1043307A99B
:10E1C00040460A9301F046F9824600287FD104F1C7
:10E1D00019030BAE0FAC02930397019604940198B8
:10E1E000DFF840B11022002104F090F8DDF808A01B
:10E1F00005940E9B5BF8044C5BF80C7C0B995BF868
:10E20000100C5BF8085CDDE90C625C40019B7E4011
:10E21000554081EA00071A4601214046CDE90B76B8
:10E22000CDE90D5401F030F9BAF1100F94BFAAEB0B
:10E230000A0AAAF1100A0BF1100B002865D1BAF1F5
:10E24000000FD6D1059C01992046102204F036F823
:10E2500099F8033010340133A04589F80330BED15A
:10E26000049C039F019E80222146404601F0F2F863
:10E27000824670BB07F120093D4613AB1A460121C7
:10E28000404601F001F91022824613A928461544A0
:10E29000BAF1000F1DD104F011F84D45EDD1404603
:10E2A00001F0D2F81D484FF4D071FFF74BFF204624
:10E2B0002021FFF747FF07A81021FFF743FF304653
:10E2C0001021FFF73FFF504635B0BDE8F08F0FAC8F
:10E2D0000BAE404601F0B8F810484FF4D071FFF78C
:10E2E00031FF20462021FFF72DFF07A81021FFF75F
:10E2F00029FF10213046FFF725FF20213846FFF780
:10E3000021FF504635B0BDE8F08F039F019E049C6D
:10E310008246DEE76FF0370AF3E700BF841F002074
:10E3200000010203941F00202DE9F04188B004464B
:10E330000D4620220021684603F0E8FF04F1200684
:10E340006F46E27B0132D2B2E273002A4DD1A27B4A
:10E350000132D2B2A273002A47D1637B0133DBB210
:10E360006373002B41D1237B0133DBB22373002B7A
:10E370003BD1E37A0133DBB2E372002B35D1A37AD0
:10E380000133DBB2A372002B2FD1637A0133DBB2EE
:10E39000637253BB237A0133DBB223722BBBE37965
:10E3A0000133DBB2E37103BBA3790133DBB2A371A9
:10E3B000DBB963790133DBB26371B3B9237901331C
:10E3C000DBB223718BB9E3780133DBB2E37063B95D
:10E3D000A3780133DBB2A3703BB963780133DBB2BE
:10E3E000637013B92378013323703B462246012121
:10E3F000304601F049F8804650BB103708AB9F42C9
:10E400009FD1029AAB68039F07995340029330460D
:10E41000EE68009B7E400396049F2E697E40049622
:10E420006E69059F7E400596069FAE697E40069602
:10E43000EE697140079129684B40009301996B6820
:10E4400080224B406946019301F004F8804638B1C0
:10E4500068462021FFF776FE404608B0BDE8F0810F
:10E4600010220DEB0201204603F028FFF0E700BF69
:10E470002DE9F84304468069B0F5C07F52D81D46A7
:10E48000C0F5C073AB424DD3C5F5C0731B1A9342A0
:10E49000164647D3DFF898904FF4C0720F464846AF
:10E4A000002103F033FFD4F89430A269D4F8980027
:10E4B00049469847002838D1D4F818803DB1D4E9AE
:10E4C00025302A4609EB0801984770BBA84407B1DC
:10E4D000C6B9174942460846FFF73EFE054638B121
:10E4E00013484FF4C071FFF72DFE2846BDE8F883AE
:10E4F0000F492046FFF718FF05460028F0D10123F9
:10E500002361EDE709EB08003946324603F0D6FEF9
:10E510000749B04442460846FFF71EFE054600285C
:10E52000DED1E5E76FF03705DFE76FF03305DCE7B5
:10E530002421002010B5A4220446002103F0E6FEA9
:10E54000064B4FF0FF314FF6F0722161E26104F1AA
:10E550009C001B68BDE81040184700BFB4020020B3
:10E560002DE9F04385B005460F46164600211022DE
:10E570006846994603F0CAFE1D4B05F19C081B68CE
:10E580004046984720B10446204605B0BDE8F083D8
:10E5900005F12004204600F047FFAA69C5E9257669
:10E5A0002E69E2B92022002EAA611FDB20466946AF
:10E5B000802200F04FFF044630B90C9A334649469A
:10E5C0002846FFF755FF04460A4B40461B6898470C
:10E5D000002818BF0446204605B0BDE8F083002E91
:10E5E000E4DA172A02D801325608DFE70026DDE711
:10E5F000B0020020AC0200202DE9F04F8DB0B2F542
:10E60000806F169F00F2E380B7F5807F00F2DC8018
:10E61000044615460E462022002104A8984603F021
:10E6200075FE6C4B04F19C091B684846984783466D
:10E63000002840F092802269E3699A4200F39180B9
:10E640006369002B40F08D80002F40F0A980DFF837
:10E6500088A16F46002D00F0988004F120086F46D5
:10E660000EE0102DAB4628BF4FF0100B30465A4637
:10E67000394603F023FEB5EB0B055E4400F08580C0
:10E68000E37B0133DBB2E373002B4DD1A37B01337A
:10E69000DBB2A373002B47D1637B0133DBB263731F
:10E6A000002B41D1237B0133DBB22373002B3BD101
:10E6B000E37A0133DBB2E372002B35D1A37A013365
:10E6C000DBB2A372002B2FD1637A0133DBB263720A
:10E6D00053BB237A0133DBB223722BBBE3790133C3
:10E6E000DBB2E37103BBA3790133DBB2A371DBB906
:10E6F00063790133DBB26371B3B923790133DBB2E0
:10E7000023718BB9E3780133DBB2E37063B9A3788B
:10E710000133DBB2A3703BB963780133DBB26370C2
:10E7200013B92378013323703B462246012140462A
:10E7300000F0AAFE8346002893D0DAF8003048465D
:10E7400098472021034604A8002B18BF9B46FFF7DB
:10E75000F9FC10213846FFF7F5FC58460DB0BDE82E
:10E76000F08F3A46414600232046FFF781FEDFF84E
:10E7700068A000283FF46DAFDAF8003048469847AB
:10E78000834600283FF465AFE7E704A92046FFF77A
:10E79000CBFD83460028D0D1236901332361CCE728
:10E7A0003A46414604A8FFF7D7FC834618B1DFF884
:10E7B00028A06F46C1E704A92046FFF7B5FD8346B0
:10E7C00000283FF444AFF2E76FF0370BC5E76FF076
:10E7D000350BC2E7B0020020AC0200202DE9F04367
:10E7E000202B8BB01D4606468846914626D8DBB2C4
:10E7F00002AF8DF80480B0468DF8053058F8041B40
:10E8000021B9404600F084FE044640B9012333603C
:10E81000022201A9404600F08FFE044638B1384676
:10E820002021FFF78FFC20460BB0BDE8F0832A467D
:10E830004946404600F080FE0446F0E702AF194624
:10E84000104600233A4600F0FDFF04460028E6D1BA
:10E850002023B9461D46CCE7F0B5D0F8F830A7B074
:10E86000002BD8BF02AE2CDDD0F80C4105460023AA
:10E8700002AE0193A4F10107D0F80001D5F8FC40E5
:10E8800001AB90223146A047B7FA87F77F090446CB
:10E8900010B9019B3BB9A7B130469021FFF752FC5C
:10E8A000204627B0F0BD014632462846FFF796FFC6
:10E8B00050B9D5F80431019A1344C5F80431002F3A
:10E8C000EAD16FF03C04E7E70446204627B0F0BDEC
:10E8D00070B50025044604F5887614222946C0F850
:10E8E000F850FC3003F012FD08222946304603F0B0
:10E8F0000DFD154B30461B689847204640F8045BD9
:10E9000000F0ECFD114B30461B689847D8B9D4F89D
:10E91000F830AB4211DC03EB830204EB82022021CE
:10E92000C2F808110121C2F80C1101330849C2F8DC
:10E930000001C2F8FC10C4F8F830064B30461B68E2
:10E94000BDE87040184770BDB4020020B00200203E
:10E950002DF30000AC0200202DE9F047202A88B0FA
:10E9600079D83E4B00F588791B680446484617461F
:10E97000884698470546F8B9D4F8F83040F20116B1
:10E98000002B64D02046FFF767FF054638B9D4F85E
:10E99000F830002B14DC013EF2D16FF03B056E46DF
:10E9A00020213046FFF7CEFB2D4B48461B68984789
:10E9B000002818BF6FF01D05284608B0BDE8F08795
:10E9C000D4E94132934203D3D4F80C21012A02D076
:10E9D000013ED7D1E1E71F2BFAD96E46014620222E
:10E9E000304604F1040A03F091FC3146504600F031
:10E9F000CDFD05460028D3D1504600F083FD50469A
:10EA000000F06CFD2946504600F082FD05460028C6
:10EA1000C6D150462022314600F08EFD0546002822
:10EA2000BED1034632462021304600F00BFF05469A
:10EA30000028B5D1D4F8F830002BC4BF0023C4F8A7
:10EA400004313A464046314603F038FCA8E76FF0FF
:10EA50003F056E46A4E76FF03B05ADE7B00200202E
:10EA6000AC02002030B58DB00021282202A801910F
:10EA700003F04CFC02A800F00DFF044610B1204644
:10EA80000DB030BD174D4FF0FF31286800F044F94C
:10EA9000044620B11448FFF733FA012C18D00020A7
:10EAA00000F06AF9D0B9114A02A901A800F030FCBF
:10EAB0000446012000F060F960B9286800F034F9DC
:10EAC0000028DCD00A48FFF71BFA20460DB030BD05
:10EAD0000524F2E70748FFF713FAEEE70648FFF7C9
:10EAE0000FFAE0E798020020E82A0100A4220020A3
:10EAF000402B0100202B0100002B010030B583B01A
:10EB000000F05CF828B100F0ABF80324204603B015
:10EB100030BD00F077F8D8B900F02EF9E0B9224CFA
:10EB2000D4F828391B0EF02B0AD1D4F8242A1F4B15
:10EB30009A4231D000F044F8072400F091F8E5E75C
:10EB400000F03EF800F08CF80624204603B030BDFB
:10EB50000424204603B030BD00F032F800F080F805
:10EB6000FFF780FF044698B9114D2B68002BCDD1DB
:10EB700002460146FFF7E6F950B90E4901AB68229B
:10EB8000FFF710FA20B90C4B2B60204603B030BDC4
:10EB90000524204603B030BD012000F0EDF8002828
:10EBA000DAD1C4F80C0ADBE700B002500000E02024
:10EBB000C4240020C82400205AEA5A5A0020704772
:10EBC00000207047430504D5044B4FF0FF32C3F8D3
:10EBD0000821024BC3F8080A704700BF00B002507A
:10EBE000014BC3F8040A704700B0025008B100F0AE
:10EBF0006BB84FF47500704708B100F04FB84FF490
:10EC00007500704710B5114800F072F800B110BDE2
:10EC10000F4800F06DF80028F9D10E4C204600F0A6
:10EC200067F80028F3D10C4B0C481C6000F060F82A
:10EC300001460028EBD100F02DF8044608B120462B
:10EC400010BD00F07BF82046FAE700BFA8020020C4
:10EC5000A4020020A0020020980200209C020020B4
:10EC600008B5084800F04EF8074800F04BF8074890
:10EC700000F048F8064800F045F8BDE8084000F00C
:10EC80000BB800BFA8020020A4020020A0020020B0
:10EC90009C02002000207047704700BF10B4094C50
:10ECA0000246D4F8003A1342FBD021B1D4F8043123
:10ECB0000B60C4F80831034BC3F8082A002010BCCD
:10ECC000704700BF00B00250044AD2F8003A184220
:10ECD000FBD0C2F8080A0020704700BF00B0025005
:10ECE00003F0FABA03F012BB0A46002103F00EBB90
:10ECF00008B5034B02681B6810689847002008BDE0
:10ED00006402002008B5034B02685B6810689847EE
:10ED1000002008BD64020020024B02689B68106856
:10ED2000184700BF6402002008B5034B0268DB6887
:10ED300010689847002008BD6402002070B5094C97
:10ED4000094D2069AB68984718B1084B08485B68C3
:10ED50009847084AEB68206900211160BDE87040BF
:10ED6000184700BF50020020640200204802002023
:10ED7000582B010030250020F8B51A4D1A4E0446D4
:10ED8000B26828699047E8B9184F3B684CB1A3B105
:10ED9000012B19D0013B3B602869F368984700209C
:10EDA000F8BD43B9124A0121C2F800151149D1F842
:10EDB0001029002AFBD101333B60F368286998478A
:10EDC0000020F8BD0C48F8BD0A4AD2F81039002BD3
:10EDD000FBD1074A6FF07E40C2F80035FFF700FF15
:10EDE0003B68D7E750020020640200203025002055
:10EDF00000A0025000B00250E98FFFFF014B1B68DA
:10EE0000184700BF64020020014B9B68184700BFF1
:10EE100064020020014BDB68184700BF6402002039
:10EE20002DE9F047002878D00C46002975D01D4602
:10EE3000002B72D007461AB1012200232A6003601A
:10EE40002B68002B64D02946204600F0DBFD80466D
:10EE500000285FD12868214600F0BAFD80460028CE
:10EE600058D12B68082B6CD0042B6DD0A3F102096C
:10EE7000B9FA89F94FEA5919354E0121C6F8C4117A
:10EE8000C6F84011C6F8C411636AC6F83031D6F826
:10EE900030219342F6D14FF0000A4FF0FF30C6F810
:10EEA0002CA1FFF78FFE6FF01B03C6F80031504610
:10EEB000FFF796FEC6F80C91D6F8040A40F480607D
:10EEC000FFF78EFE0A23C6F83831089B012B29D0A4
:10EED0002369204AA2FB03231B09626A02FB03F396
:10EEE00003EB43031A4ADB039B09C2F8D831012321
:10EEF000C2F82C313B682A6823F07F4343EA02635F
:10EF00003B602A6843EA02233B604046BDE8F08745
:10EF1000DFF844804046BDE8F087DFF84080404697
:10EF2000BDE8F0874FF08053D3F80C2C013206D0A7
:10EF3000D3F80C3C074AA2FB03231B09CDE7162399
:10EF4000CBE74FF0030997E74FF0020994E700BFC2
:10EF500000B00250ABAAAAAA310CF100350CF100A6
:10EF600050B34B1EB3F5047F26D24FF0000C30B5E2
:10EF7000CD00E6466446630904F01F0150F82330D3
:10EF80001F2923FA01F306D003F001031CB9012461
:10EF90009E46A446EFE79E4504F1010406D09E4636
:10EFA0004FF0010CAC42E6D1002030BD0CF1010C59
:10EFB0009445F7D1014830BD00487047360CF10048
:10EFC000C8B32DE9F0434C1EB4F5047F1CD2DBB16D
:10EFD000D2B14FF0000ECF007646F046754603F1F1
:10EFE000FF396C0905F01F0150F824401F2924FA4D
:10EFF00001FC0CD00CF0010C4DB90126E046354661
:10F00000B646EEE7964218D90D48BDE8F083734541
:10F010000CD0C44508BF0136F145F3D00EF1010E06
:10F020000135BD42DDD10020BDE8F0834FF0010E77
:10F03000E0467646F4E7024870479E46F0E700BF98
:10F04000370CF1002DE9F04F91B00D46DDE91B4181
:10F05000824600296ED1286906901A981C60002308
:10F060000360002A00F02E819C4B6A6AD3F83811A5
:10F07000D3F830319A4269D10A2967D19AF803301E
:10F08000089304F1080306990793954B934CA3FB4F
:10F0900001239B0803EB4303A1EB430303930423E6
:10F0A00005931A9B069E1E60002E00F0E980002743
:10F0B00000F0B8FC0997BAF1000F00F0D580DDF838
:10F0C0001C804FF00109002D00F0CE80089B002B22
:10F0D0003ED008A9284600F095FC00283AD0814B84
:10F0E000984220D0089B082B00F0E4805B000022AF
:10F0F0000893009208AB29465046FFF791FE7A4BE1
:10F10000984200F0D38070B9DAF80020130A03F4B3
:10F110007F03134323F07F43CAF80030059B013B74
:10F120000593BED10020039000F07CFC039811B041
:10F13000BDE8F08F4FF08050D0F80C6C013614BF52
:10F14000D0F80C0C4FF40470069086E76748EAE7A5
:10F150006548C4E70898294600F03AFC0028BED16B
:10F16000089B082B00F0A880042B00F0A880A3F1D6
:10F170000203B3FA83F35B090493C4F8C491C4F89F
:10F180004091C4F8C4916B6AC4F83031D4F830218E
:10F190009342F6D14FF0000BC4F82CB14FF0FF3082
:10F1A000FFF710FD6FF01B035846C4F80031FFF75E
:10F1B00017FD049BC4F80C31D4F8040A40F48060B5
:10F1C000FFF70EFD0A23C4F838312B69ABF1553B2C
:10F1D000ABFB03236A6A1B0902FB03F303EB430344
:10F1E000DB039B09C4F8D831C4F82C91DAF800305D
:10F1F000089923F07F420B0243EA01631343CAF8E4
:10F20000003009A800F0D4FB099B03F01A03034364
:10F210007FF468AFABFB063BD4F814310A93D4F803
:10F2200018310B93D4F81C310C93D4F820310D9382
:10F23000D4F824310E93D4F828310F93B7EB9B0FF9
:10F2400001D1039B93B9404618220AA9183EFFF743
:10F2500047FD08F11808013796B100F0E3FB0023E1
:10F260000993002D7FF432AF214838E74046F61A63
:10F270001A460AA998440137FFF732FD002EECD157
:10F28000069F079E6A6939463046FFF769FEAA69FC
:10F2900040B94FF4806339463046FFF791FE0028AD
:10F2A0003FF440AF1A9A0023136018E72B6A002B33
:10F2B0003FF439AF0F4836E7032304935DE7022399
:10F2C00004935AE7009108AB012229465046FFF704
:10F2D000A7FD00283FF4D5AE25E700BF00B00250DF
:10F2E000ABAAAAAA020CF100310CF100300CF1001B
:10F2F000350CF100320CF10010B4DDE90134019459
:10F30000039C02940024039410BCFFF79BBE00BF33
:10F3100010B586B005AB0124CDE90124009300228D
:10F3200004ABFFF78FFE06B010BD00BFF0B587B08D
:10F33000002966D01E46002B63D01446002A60D0F8
:10F34000314F0D4638684FF0FF31FFF7E5FC0028DC
:10F350004DD10020FFF710FD002844D12B4800F0CC
:10F3600099FA0346D8B101204FF0FF35FFF704FDAD
:10F37000002834D126484FF40871FEF7D9FE2548FD
:10F380000421FEF7D5FE21482821FEF7D1FE38687A
:10F39000FFF7CAFC00282ED1284607B0F0BD1C4A52
:10F3A000029205AA019204AA0390009217491948F3
:10F3B0001A46FFF7A1FF03460028D4D128461D4670
:10F3C000059B04999C42224628BF1A4632600831A8
:10F3D000FFF786FC0120FFF7CFFC0028CAD00E48BB
:10F3E000FEF78EFDC6E70D48FEF78AFDB6E70C482E
:10F3F000FEF786FDADE70B48FEF782FD284607B015
:10F40000F0BD4FF0FF35C7E79802002038250020F7
:10F410006025002034250020202B0100002B010056
:10F42000E82A0100782B010010B5044630B1002213
:10F4300001236265A265E365236610BD0148FEF7FE
:10F440005FFDF4E7902B010018B174220021FFF753
:10F4500049BC704790B1A1B110B5802A4FF00004AB
:10F46000846380F83C4006D1102204631044FFF707
:10F4700037FC204610BD6FF01F0010BD6FF021005B
:10F4800070476FF01F00704728B322B31BB30129E8
:10F4900021D870B50446816B86B017D0012917D1E9
:10F4A000102500210DEB05066163104600950196BD
:10F4B00002AA294600F0C2FA50B92B46324602A9E8
:10F4C000204600F043FD18B906B070BD0029E7D012
:10F4D0006FF02100F8E76FF02100704710B5044687
:10F4E00028B12046F421BDE81040FFF7FDBB0448D9
:10F4F000FEF706FD2046F421BDE81040FFF7F4BBFF
:10F50000A42B010010B1F421FEF712BE704700BF1A
:10F5100008B521B1012908D06FF0360008BD0121DE
:10F5200000F058F80028F7D108BD022100F052F889
:10F530000028F9D0F0E700BF30B505468818B0F5CF
:10F54000801FA1B00B46144601D8802A0CD9B3F510
:10F55000801F17D922461946284600F07DF8044638
:10F5600084B9204621B030BD6846FFF7B9FB22467A
:10F570006946284600F070F8802104466846FFF787
:10F58000B3FBEDE76FF03604EBE700BF70B5E8B111
:10F590000E46D9B1044600F031F80546B0B92368EB
:10F5A000012B0BD0022B01D0284670BD1C2204F188
:10F5B00008013046FFF794FB284670BD202204F175
:10F5C00008013046FFF78CFB284670BD6FF036050A
:10F5D000EAE700BF78B138B504460D46F021FFF7E1
:10F5E00083FB40232560E365204600F05BFA00388A
:10F5F00018BF012038BD0120704700BF70B5056EEF
:10F60000A4B0044604AEE5B901220023626030468E
:10F61000CDE9003302AA294600F010FA10B101200A
:10F6200024B070BD2A4602A9204600F063FA0028E3
:10F63000F5D1204600F074FB0028F0D1206624B0FC
:10F6400070BD802D2A4600F1640128BF802230461B
:10F65000FFF746FB256ED7E7002800F0AE802DE9C6
:10F66000F04F1446A5B0002A3DD00F46002949D0DE
:10F67000B2F5803F0546006E20D34FF6FF7805F1C6
:10F68000640AEB6D1A1AB2FBF3F103FB1122002A94
:10F6900065D18342B9464FF6FF7672D0B6FBF3FBD5
:10F6A00003FB0BFBBBF1000F30D1002E45D1A4F5BD
:10F6B0007F44FF3CB4F5803F4744E2D2EA6D161A1E
:10F6C000B6FBF2F302FB1366A64228BF2646002EC5
:10F6D00075D1824200F08D80B4FBF2F602FB06F693
:10F6E0002EB9002C79D1002025B0BDE8F08F002381
:10F6F000CDE9003302AA3146384600F09FF90028D0
:10F7000000F09580012025B0BDE8F08F0023CDE901
:10F71000003302AA5946484600F090F90028F1D17A
:10F7200002A95A46284600F0E5F90028EAD1A6EBDE
:10F730000B06286ED944002EB9D01930494605EB86
:10F7400080003246FFF7CCFAA4F57F44286EFF3CD8
:10F750003044B4F5803F4744286692D2AEE7424534
:10F7600028BF4246504439461646FFF7B9FA286E7C
:10F77000EB6D3044834207EB06092866A8EB0606CA
:10F780008CD1802B28BF80231A46514604A8FFF74E
:10F79000A7FA0023CDE9003302AAE96D04A800F01E
:10F7A0004DF90028AED1EA6D02A9284600F0A2F971
:10F7B0000028A7D1EB6D286670E70120704705F19E
:10F7C0006403394632461844FFF78AFA286EEA6D18
:10F7D0003044A41B374428667BE72B6E193305EBB6
:10F7E000830022463946FFF77BFA2B6E23442B66B3
:10F7F00079E7802A28BF802205F1640104A8FFF779
:10F800006FFA0023CDE9003304A8E96D02AA00F0E5
:10F8100015F900287FF476AFEA6D02A9284600F0BA
:10F8200069F900287FF46EAFEA6D286654E702A9F3
:10F830003246284600F05EF900287FF463AF374473
:10F84000A41B4EE7F8B51C46054611480E46174660
:10F85000FFF744FE21460E48FFF75AFE044620B14A
:10F860000B48FFF74FFE2046F8BD094832462946AF
:10F87000FFF762FE04460028F2D139460448FFF73C
:10F8800085FE04460248FFF73DFE2046F8BD00BF56
:10F890008027002030B583B01C2301A905460193C1
:10F8A00000F032F8044638B9019B1C2B07D0144CE9
:10F8B0001C212846FFF718FA204603B030BDD5E9D1
:10F8C0000112131E18BF012300392A6818BF012135
:10F8D0009B0043EA4103002A18BF43F00103EA6892
:10F8E0000120E8612AB9C5E90834002BE4D1054CB0
:10F8F000DEE743F008032046C5E9083403B030BD15
:10F90000370CF0000E0CF00018B111B10B681C2B75
:10F9100001D0012070474FF08053D3F8102C0132F2
:10F9200014BFD3F8102C41F25C224FF080530260D8
:10F93000D3F8142C013214BFD3F8142C41F66412FE
:10F940004FF080534260D3F8182C013214BFD3F823
:10F95000182C40F6D8624FF080538260D3F81C2CEC
:10F96000013214BFD3F81C2C41F288324FF080537F
:10F97000C260D3F8002C013214BFD3F8002C9022BF
:10F980004FF080530261D3F8042C013214BFD3F836
:10F99000042C51224FF080534261D3F8082C0132DD
:10F9A00014BFD3F8083C40F237338361002070471E
:10F9B00008B501464FF48060FFF71EF9034B0022A3
:10F9C000C3F8C821C3F82C2108BD00BF00B0025005
:10F9D0000138072805D8DFE800F0100E040A0404F7
:10F9E000040607487047CB684B62002070478B685D
:10F9F0004B62002070474B68F6E70B68F4E700BFE6
:10FA0000310CF1000B6802E0082B0B6006D8026A8B
:10FA100013424FEA4303F7D0002070470048704775
:10FA2000310CF100044B0022C3F82C214FF480600C
:10FA3000C3F8C421FFF7C6B800B00250F0B583B0D8
:10FA40001D46B0F1005F4FF000038DF8073024D35E
:10FA50008C468444BCF1804F04461ED817460DF1F5
:10FA60000703012200F064FE0646B0B9099A9DF82A
:10FA700007303C603B7192B14DB1024608990DF1DF
:10FA80000703284600F054FE38B99DF80730099A5C
:10FA900030461560137103B0F0BD4FF47506304663
:10FAA00003B0F0BDD8B108B50368012B04D0022B18
:10FAB0000FD043B10B4808BD0B4920220830FFF797
:10FAC0000FF9002008BD094914220830FFF708F992
:10FAD000F7E7074920220830FFF702F9F1E74FF472
:10FAE000730070470100F300B42B0100F42B0100F8
:10FAF000D42B01002DE9F843002900F0F9800446D9
:10FB0000002800F0F980036890460F46002B00F0B3
:10FB1000C380013B012B00F2D78079484FF0FF31C1
:10FB20004FF00209FFF7F8F8002840F0BF800020EE
:10FB3000FFF722F90646002840F0C280714AD2F849
:10FB40001C39002BFBD16F4DD5F8203C002BFBD18D
:10FB50004FF0FF30FFF736F8D5F8040A20F04000E8
:10FB6000FFF73EF801230722C5F81838C5F8002929
:10FB7000C5F8C437A36CC5F8CC37E36CC5F8D037EB
:10FB8000C5F8C09723685BB1013B012B18D8636AA5
:10FB9000C5F85C36236AC5F85836E369C5F85436AB
:10FBA000584BA269C3F850266269C3F84C262269F3
:10FBB000C3F84826E268C3F84426A268C3F8402682
:10FBC000504AD2F81039002BFBD1B8F1000F5FD0AA
:10FBD0006368012B08BFC2F884364A4B3A68C3F801
:10FBE000282C4020C3F82C8CFFF700F80646454A25
:10FBF000D2F81039002BFBD1424AD2F8203C002B1E
:10FC0000FBD123685BB1013B012B18D8D2F85C36DD
:10FC10006362D2F858362362D2F85436E361394B26
:10FC2000D3F85026A261D3F84C266261D3F8482657
:10FC30002261D3F84426E260D3F84036A360314A0B
:10FC4000D2F8CC17A164D2F8D017E16400230121C7
:10FC5000C2F8C417C2F88436C2F8C837D2F81039CF
:10FC6000002BFBD1C2F81838002E3BD1254BD3F81E
:10FC7000040A40F04000FEF7B3FF0120FFF77CF8D4
:10FC800060BB1F48FFF750F810BB3046BDE8F88353
:10FC90000423C2F8C837AAE719484FF0FF314FF0E4
:10FCA0000109FFF739F800283FF441AF1648FEF785
:10FCB00027F90020FFF760F8064600283FF43EAF22
:10FCC0001248FEF71DF939E7114E3046BDE8F883BA
:10FCD0001048FEF715F93046BDE8F8830E48FEF7E8
:10FCE0000FF9CEE7102104F10800FEF7FDFFBDE794
:10FCF0000A4E3046BDE8F8834FF47306C5E700BFEF
:10FD0000A802002000B00250E82A0100002B0100E8
:10FD10000100F300402B0100202B01000300F30041
:10FD200098B370B4D0E90241D0E9042326BA0DBAE1
:10FD300014BA19BAD0E9062312BAC0E904418261A3
:10FD4000D0E90842C0E902651BBA25BAC0E9073507
:10FD500014BAD0E90B23816A12BA09BAC0E9094181
:10FD6000C262D0E90D421BBA25BAC0E90C3514BAFB
:10FD7000D0E91023C16B12BA09BA1BBAC0E90E410F
:10FD8000C0E91023002070BC70474FF47300704727
:10FD9000002847D090F83C30002B34D0032B10B50E
:10FDA00013D02248224C2268224B1268C3F8002448
:10FDB00022685268C3F8042422689268C3F80824B1
:10FDC0002268D268C3F80C2410BD016B006C184C7B
:10FDD00000F0A8FB0028E6D12268164B1268C3F891
:10FDE000002422685268C3F8042422689268C3F889
:10FDF00008242268D268C3F80C2400F0A1FB002874
:10FE0000D1D1002010BD0B4B0269C3F80024426918
:10FE1000C3F804248269C3F80824C269C3F80C2417
:10FE2000002070474FF47100704700BF0900F100D7
:10FE30009402002000B00250374A38B50446D2F888
:10FE40001039002BFBD1344AD2F87034002BFBD18F
:10FE5000314AD2F8203D002BFBD12F4AD2F8203C6A
:10FE6000002BFBD12C4AD2F8383D002BFBD12A4D78
:10FE7000D5F8383C002BFBD14FF0FF30FEF7A2FE47
:10FE8000636BD5F8040A23F00403032BE36D39D028
:10FE9000012B0CBF20F0800020F02000FEF7A0FE18
:10FEA0001D4A0123C2F80039D2F81039002BFBD1CA
:10FEB000194AD2F87034002BFBD11749C2F8BC3470
:10FEC000D1F81039002BFBD1134AD2F87034002B33
:10FED000FBD1626B22F00401032918BFA36B0E490A
:10FEE0004FEA820218BF03F0010302F01C021A431A
:10FEF000C1F8C024636B072B04BF0123C1F87C3415
:10FF0000002038BD012B0CBF20F0400020F0100075
:10FF1000FEF766FEC4E700BF00B00250094A0A4B74
:10FF200011680968C3F8001411684968C3F804141B
:10FF300011688968C3F808141268D268C3F80C24E1
:10FF4000704700BF9402002000B002502DE9F04F2E
:10FF500085B0002900F0EC809046002A00F0E8808F
:10FF60000546002800F029819946C36D0E46002BF6
:10FF700052D1B9F5805F54D295F83C30042B00F093
:10FF8000FF800027AD484FF0FF31FEF7C5FE002887
:10FF900040F0D5800020FEF7EFFE002840F0D8802A
:10FFA000A7480123C0F81038D0F81049002CFBD125
:10FFB0006B6B032B3ADC002B3BDAA24CA04AD2F845
:10FFC0001039002BFBD1002F40F0D1806B6BEA6D14
:10FFD00023F00403032B9A4BD3F8040A00F09F800C
:10FFE000012A0CBF40F0800040F02000FEF7F8FD31
:10FFF000934B0022C3F810280120FEF7BDFE002815
:020000021000EC
:1000000040F0B1808D48FEF78FFE002840F0A480BC
:10001000204605B0BDE8F08F012BADD1B9F5803F8A
:10002000AAD3894C204605B0BDE8F08F063B012BD2
:10003000C3D8AB6B012B00F2BE80EB6D012B7CD8DB
:100040002B6E012B00F2E8802846FFF7F5FE0446F0
:100050000028B3D12846FFF79BFE04460028ADD107
:100060006B6B072BA9D801229A4012F08A0F40F03F
:10007000D58012F0440F40F0BA80D2079DD523F00E
:100080000403032B32680DD02B6ED8F80010012B1F
:100090006B4B0BBFC3F8281DC3F8301DC3F82C9D54
:1000A000C3F8349DEB6D012B654B0BBFC3F8282CB7
:1000B000C3F8302CC3F82C9CC3F8349C6B6B23F032
:1000C0000403032B00F0A2802B6E012B14BF202011
:1000D0008020FEF78BFD044600287FF46FAF584B5D
:1000E000D3F81049002CFBD1696B072914D80122E1
:1000F0008A4012F08A0F40F0BB8012F0440F0BD000
:10010000D3F860242A60D3F864246A60D3F86824A2
:10011000AA60D3F86C34EB600123AB654EE7012A8B
:100120000CBF40F0400040F01000FEF759FD5FE7C3
:10013000464C204605B0BDE8F08F454C3EE74548AB
:10014000FDF7DEFE0020FEF717FE00283FF428AF83
:100150004148FDF7D5FE23E74048FDF7D1FE204694
:1001600005B0BDE8F08F3E48FDF7CAFE4AE704231C
:1001700085F83C30202105F11000FEF7B5FD25E79C
:10018000296B286C00F0C0F998B9364F2C4C3B68AD
:100190001B68C4F800343B685B68C4F804343B68EF
:1001A0009B68C4F808343B68DB68C4F80C34296BDE
:1001B00031B10127E6E62C4C00E74FF4710427E744
:1001C0002B6D0193EB6C009305F1100A4FF0100BAF
:1001D000CDF808A0CDF80CB0D5E91123286C00F0BB
:1001E000B9F9002851D1002385F83C30E1E7144BE0
:1001F0002A68C3F860246A68C3F86424AA68C3F84C
:100200006824EA68C3F86C246B6B38E7EB6D012B4C
:1002100014BF102040205CE7144CCFE6084B2A683E
:10022000C3F840246A68C3F84424AA68C3F8482481
:10023000EA68C3F84C246B6B21E700BFA8020020DA
:1002400000B002500100F1000500F1000B00F100C8
:100250000300F100E82A0100002B0100402B0100FF
:10026000202B0100940200200200F1000400F100A4
:10027000D3F840242A60D3F844246A60D3F8482491
:10028000AA60D3F84C34EB6046E73B681B68C4F8BF
:1002900000343B685B68C4F804343B689B68C4F86E
:1002A00008343B68DB68C4F80C3459465046FEF706
:1002B0001BFD98E72DE9F04109B302B3044600287D
:1002C00000F0AF801D46436B072B0E461BD05DB977
:1002D000032B10D1836D73B900F164034566856605
:1002E000C56605670B6010252B4631462046BDE8E4
:1002F000F041FFF72BBE2F463846BDE8F081764F20
:100300003846BDE8F081C36D002B40F08D80B5F517
:10031000805F80F090801DB9A36D002B40F08B8032
:100320006E484FF0FF31FEF7F7FC002840F08F8059
:100330000020FEF721FD002840F08580684A012357
:10034000C2F81038D2F81039002BFBD1636B032BA5
:100350004FDD063B012B4ED8A36B012B6DD8E36D0F
:10036000012B78D8236E012B77D82046FFF764FD48
:100370000746002840D12046FFF70AFD074600281F
:100380003AD1626B072A36D80123934013F08A0FC3
:1003900040F0818013F0440F6FD1DB072BD5504B19
:1003A0000122C3F87C24C3F8BC543168002D56D117
:1003B000A16D09B9C3F82425494BD3F81079002F52
:1003C000FBD1616B072917D801228A4012F08A0FEE
:1003D0006FD112F0440F0FD0D3F860242260D3F80D
:1003E00064246260D3F86824A260D3F86C34E360BC
:1003F00002E0002BB0DA3B4F394AD2F81039002B1B
:10040000FBD1C2F810380120FEF7B6FCB8B933486A
:10041000FEF78AFC00283FF46FAF3348FDF770FD0C
:100420006AE74FF4710767E7012B7FF474AFB5F506
:10043000803FFFF470AF2D4F5EE72D4FDCE72D4876
:10044000FDF75EFDE3E72C48FDF75AFD76E72B4804
:10045000FDF756FD6CE72A4FCEE72A4FCCE7E26D59
:10046000012A33D0C3F8301C1020C3F8345CFEF7E7
:10047000BDFB074600289FD0BEE7194B2268C3F892
:1004800060246268C3F86424A268C3F86824E26840
:10049000C3F86C2483E7124B2268C3F840246268D7
:1004A000C3F84424A268C3F84824E268C3F84C2483
:1004B00075E7D3F840242260D3F844246260D3F86F
:1004C0004824A260D3F84C34E36095E7C3F8281CB5
:1004D0004020C3F82C5CCAE70B00F100A802002002
:1004E00000B002500100F100402B01000500F100B6
:1004F0000200F100202B0100002B0100E82A01007E
:100500000300F1000400F10029B9044B002814BFD6
:100510001846002070470248704700BF0100F700EE
:100520000300F70029B9044B002814BF1846002027
:1005300070470248704700BF0100F7000300F70052
:10054000034B00200122C3F8380AC3F8782470470F
:1005500000B002502DE9F047CCB00024579DDDF8E3
:100560005881824689461646214674220EA81F46A7
:1005700001F0CCFE802221462CA82B9401F0C6FE6F
:100580008423B5F57F6FCDE90A44CDE90C4405938A
:1005900063D8FFF7C3FC05AB30462BAE0193029541
:1005A000DDE954233946009600F062F800284FD167
:1005B00003238DF813309DF813308DF87430072322
:1005C00000221C9010210EA81B9301240123CDE9C9
:1005D0002423CDF86890CDF878A026940DF1200959
:1005E000FEF782FB102200920599CDF804900AAB29
:1005F000304606AAFFF722FA074670B11DE00EA9A1
:1006000008EB0700FEF76CFB10210EA8FEF76CFB51
:100610000134AD1B3744E4B224D0102D4A46059B6B
:100620008DF8AC4006A90EA82E4628BF1026FFF76D
:1006300041FE32460028E2D007460EA8742200216F
:10064000FEF750FBFFF76AFC38464CB0BDE8F08778
:10065000054F38464CB0BDE8F087044F38464CB0E3
:10066000BDE8F0872F46E8E70E00F1000F00F1002B
:100670002DE9F04182B01E460A9D0023B5F57F6F3B
:1006800001933ED8ED00B5F5807F174601F1FF32AA
:1006900034BF032304233F2A0C46009331D880B390
:1006A00066BB089A6AB3099A116851B3A219134438
:1006B000994226D3089B01462246581CFEF710FBA0
:1006C000089B04F102081C440023637026BB089BAE
:1006D0000095FF2D03EB080017D92B029BB243EACC
:1006E0001523022201A90193FEF7FAFA08F1020389
:1006F000099A0020136002B0BDE8F0810FB1402ECE
:10070000CFD90A4802B0BDE8F08101226946FEF760
:10071000E7FA08F10103EBE7089B324603EB080018
:100720003946FEF7DDFAB044D1E700BF060000808D
:1007300000201870704700BF2DE9F04F8DB043685E
:100740000293837815469A07804640F10D81002474
:100750000E78002E00F00A81252E0BD04B1C03933F
:100760000134029B4146304698470028C0F2F6808B
:100770000399EDE74E788B1C252E0393F0D00027CC
:10078000B946BB46BBF11F0F38D8A6F12003102B8A
:100790000AD8DFE803F02A09093009090921090903
:1007A0000928092D09091F00A6F13003092B33D9A7
:1007B0002A2E37D11BF0400F55F8043B40F08280C1
:1007C000002BA7BF4BF0200B9946C3F100094BF05B
:1007D000280B01E04BF0010B039B13F8016B039313
:1007E000002ECFD130E04BF0020B4BF0040BF3E7BF
:1007F0004BF0080BF0E74BF0100BEDE7BBF17F0F70
:1008000019D8A6F13003092BD2D81BF0400F03D022
:100810000A2101FB0737DFE70A2101FB09394BF009
:10082000200BD9E72E2E06D11BF0400F40F09E8002
:100830004BF0400BD0E76C2E31D02BD8682E36D041
:100840006A2E3CD04C2E3AD0002F46F02003B8BF81
:100850002BF04002A3F16501BCBF1FFA82FB002709
:10086000022901D9612B2FD1073525F00705DFF8C3
:10087000ACA2083507271BF0080F66D00AEB070B60
:1008800056465E4563D1A4EB0A0A06EB0A02A9EBC1
:1008900007096FE1742E9FD07A2E9DD0D4E71BF00C
:1008A000800F18BF4BF4007B4BF0800B94E71BF4D8
:1008B000807F18BF4BF4007B4BF4807B8CE74BF4BC
:1008C000207B89E71F4687E7A6F16301122900F222
:1008D000F080DFE811F013004F00EE00EE00EE00B4
:1008E000EE004F00EE00EE00EE00EE00EE00FE0027
:1008F000E900EE00EE001B00EE00AF0055F8043BEF
:100900008DF8183001270DF1180AB4E755F804AB3B
:10091000834BBAF1000F08BF9A461BF0400F14BF7B
:1009200039464FF0FF31504601F008FD0746A2E777
:10093000029B41462020984700280FDB013EB7422A
:10094000F6D34C44A41BB14698E74E46F7E716F899
:10095000010B029B41469847002892DA98F8023032
:1009600043F0040388F802304FF0FF3420460DB006
:10097000BDE8F08F1BF0800F34D01BF4007F2CD02B
:10098000073525F00705AA4669685AF8080B2BF0C9
:1009900010050029ADB237DA404261EB410145F460
:1009A00080650DF1180B0A235A4601F0D3FCA0EB29
:1009B0000B0301936B0662D5019B25F001019F4259
:1009C00089B240F3A180002E00F0998015F010024A
:1009D00040F09C80BB460D4623E0AA465AF8040B23
:1009E000C117D4E7AA461BF4807F5AF8041B01D133
:1009F0000846F5E71BF4007F15BF48B208B241F383
:100A0000C01141F3C031C2E750EA0103C9D11BF064
:100A1000400FC6D0002FC4D12BF0110295B2BB46B7
:100A2000019740F2064115EA01021CBF0BF1010BD0
:100A300000222CE02BF010021FFA82FB0A231BF08D
:100A4000800C49D01BF400711DBF073525F0070548
:100A5000AA46AA461ABF5AF8080B69685AF8040B46
:100A600050EA010545D12BF016051BF0400FADB241
:100A700042D0002F40D12BF0170295B2019715F00C
:100A8000100248D0019B002E42D103F1010B29072F
:100A90005AD4EB0706D5D9456FDD0199A9EB0B03B5
:100AA0005F18CB465B4649E04BF0100B10237826CD
:100AB000C5E7782B04D1C6F1780343F01003BEE7F5
:100AC000029B4146252098470028FFF647AF023495
:100AD00047E608230026B2E7AA461BF480715AF8BD
:100AE000040BBDD01BF400711ABFC0B2614680B2C6
:100AF000B6E72BF0060295B20DF1180B54E725F07E
:100B00001105ADB2BB468CE70D46B8E73B460D4636
:100B100003F1020BBBE7DDF804B082E7BD2F010053
:100B2000B62F0100CDE904324146029B20209847B0
:100B30000028FFF613AF049B059A01339945F1DCB9
:100B4000A4EB0B01CC189B460AB3029B4146302014
:100B500098470028FFF602AF8EB901342744019B65
:100B6000391B994224DC1D465DBB019AA9EB0B0998
:100B7000224455461446914435E0019F92E70234E1
:100B800041463046029B98470028E7DAE6E640F205
:100B900006410D42E2D015F0020F14BF2B20202099
:100BA00015F4806F04F10104414618BF2D20E9E7D8
:100BB000029B414630209847002804F10104CEDA18
:100BC000CCE606AB013D4146585D029B98470028A4
:100BD000CADAC3E6029B414620209847002804F168
:100BE0000104FFF6BBAEA9EB0403002BF2DCBFE56A
:100BF0007047836800EBC101B3F5004F2CBF51F87B
:100C0000220031F81200704700EBC1018068B0F596
:100C1000004F2CBF41F8223021F81230704708B540
:100C20000122FFF7E6FFD04008BD8368B3F5004F0F
:100C300000EBC10108D34B681AB143F001034B60CC
:100C4000704723F00103FAE74B881AB143F0010320
:100C50004B80704723F00103FAE753000122FFF7AE
:100C6000D3BF8368B3F5004F34BF04230823C91AE8
:100C7000081AC0087047B0F5004F34BF042308239A
:100C8000481C0833A0EBD300B0FA80F0C0F11F007D
:100C900070472DE9F041174603220E460446FFF740
:100CA000A8FF8642054607F104080AD1E36801223D
:100CB000BA4023EA0203E360002344F82830BDE889
:100CC000F081314602222046FFF793FF2B4606466D
:100CD000014644F8285020460322FFF795FF33468B
:100CE000294620460222BDE8F041FFF78DBF70B5CE
:100CF0000D4686680446FFF792FFB6F5004F0146A1
:100D000001D3012809D03046FFF7B5FF2946024636
:100D10002046BDE87040FFF7BCBF70BD2DE9F0472D
:100D200005468068FFF7A7FF05EB800A8846DAF8DA
:100D300010900646B9F1000F1BD00327DAF81040D7
:100D400028462146FFF76BFF404507D33246214630
:100D50002846FFF79EFF2046BDE8F0870322214684
:100D60002846FFF746FF013FCAF8100001D0814531
:100D7000E4D1EB6801364FF0FF34B4401C40EAD0B8
:100D800094FAA4F2B2FA82F2131D55F82340DEE77A
:100D90002DE9F041144605460E46FFF740FFA4EB4F
:100DA0000608371B0744424631462846FFF755FFE1
:100DB0003A4621462846FFF750FF43460022214687
:100DC0002846FFF721FF21462846FFF728FF3B462C
:100DD000211800222846BDE8F041FFF715BF2DE994
:100DE000F041164604460F46FFF719FF3146054607
:100DF0002046FFF714FF05442A4639462046FFF7F0
:100E00002CFF31462046FFF70AFF2B4631180022FF
:100E10002046BDE8F041FFF7F7BE2DE9F0410D4651
:100E200086680446FFF7FBFEB6F5004F014601D386
:100E3000012832D03046FFF71EFF04EB80010E6917
:100E400096B9E368012282401343E36002220D61F8
:100E50002B4629462046FFF7D7FE03222946204687
:100E6000BDE8F041FFF7D0BE022231462046FFF731
:100E7000C0FE2946034607462046FFF7C5FE03226B
:100E8000334629462046FFF7BFFE39462B4620460B
:100E9000FFF7BAFE02223146E1E7BDE8F081F8B57E
:100EA0000C460546FFF7BBFE2618012231462846B0
:100EB000FFF79FFEC3070CD431462846FFF717FF04
:100EC00021462846FFF7ABFE214622182846FFF7A9
:100ED00086FF002221462846FFF78BFE271A0122B3
:100EE00039462846FFF785FE10EA020613D1394637
:100EF0002846FFF7FCFE214632462846FFF779FEDA
:100F00002246211A2846FFF76AFF21463246284624
:100F1000FFF76FFE241A21462846BDE8F840FFF788
:100F20007CBF38B571B105682846FFF79AFE0022EC
:100F3000044601462846FFF778FE2146BDE83840C2
:100F4000FFF7ADBF38BD70B5066809B9002070BDA8
:100F5000B368B3EBD10FF9D9B3F5004F34BF042315
:100F60000823CC1D1C44E40821463046FFF7D6FE7A
:100F700005460028EAD001463046FFF750FEA04261
:100F800009D92C44294630462246FFF701FF214665
:100F90003046FFF742FF304601222946FFF745FE63
:100FA000B368B3F5004F34BF0423082303EBC50334
:100FB0001844CCE71146FFF7C6BFB2F5802F2CBF0F
:100FC00008230423D21A2DE9F0418C18CD1D25F0F9
:100FD000070524F00704641B0026E4080560214689
:100FE000AC60EE602046FFF746FE421D92000130E5
:100FF00002F107074FEAD707A2F110023146B8BF46
:10100000324605F1100001F081F93A463146284692
:10101000FFF723FE3346324631462846FFF7F4FDFC
:10102000A4EB0708284631460122FFF7FEFD4246A1
:101030003946FFF712FE3B46324639462846FFF74F
:10104000E3FD21462846FFF708FE43463246214687
:101050002846FFF7D9FD214628460122FFF7E5FD86
:101060003946BDE8F041FFF7D8BE002070470FB405
:1010700007B504A951F8040B0191F8F777F903B00B
:101080005DF804EB04B070470FB407B504A951F83C
:10109000040B0191F8F76AF903B05DF804EB04B0B2
:1010A0007047038B13F0070305D10368002B0CBFB7
:1010B000002003207047022B05D1408BB0FA80F04E
:1010C000400980007047012B05D10368002B0CBF3D
:1010D0000020052070470020704710B50C4600B175
:1010E00011B96FF0150010BD081D00F093F800282D
:1010F000F9D1A368032BF6D9F3E72DE9F0410D46AA
:1011000007461946281D90461E4600F097F80446EB
:1011100038B13346424629463846A446BDE8F04138
:101120006047BDE8F08110B4EFF31182402484F3EE
:101130001288BFF36F8F416110BC0121F8F748B9E5
:1011400038B50C46054658B151B10B6843B14B68F0
:1011500033B11C22002101F0D9F82C61002038BDE8
:101160006FF01500FBE770B505460E46FFF7B5FFBB
:10117000041E14DBEFF31182402383F31288BFF3C4
:101180006F8F6B8B2C8B4FF6FF718B4204F0070433
:1011900007D182F31188BFF36F8F6FF00A042046E6
:1011A00070BD022C0CD101336B8382F31188BFF325
:1011B0006F8F0023224631462846FFF79EFFEEE759
:1011C000062C14D8DFE804F004131313041A0400E7
:1011D000002333606B683BB9C5E90066ACB90221F6
:1011E0002846F8F7F5F8DAE71E606E60F6E782F356
:1011F0001188BFF36F8F6FF00404D0E782F311887A
:10120000BFF36F8F6FF08504C9E782F31188BFF3D6
:101210006F8FC4E7034640B1426802F00302022A1E
:1012200006D0032A04D0012A05D06FF015007047BC
:101230001A68002AF9D000209860704710B54268FB
:10124000816002F00302022A03464FF0000407D037
:10125000032A02D05C60002001E018685C6010BDC9
:1012600018685C600028F6D0FCF7C0FDF3E7704713
:10127000FEE7012801D1EFF30583FBF7A1BB01468F
:101280000068FFF7F6BF08B5F8F7B0FABDE8084008
:10129000F8F7D0BA00210120FFF7EBBF61B662B6C4
:1012A00080F31188BFF36F8F704772B6002383F30A
:1012B0001188BFF36F8FBFF34F8F30BF62B6BFF39C
:1012C0006F8F704772B6002383F31188BFF36F8F5F
:1012D000BFF34F8F20BF80F31188BFF36F8F62B6CB
:1012E0007047202809D9B0F1004F08D80138B0FA6A
:1012F00080F0C0F11F0040007047082070473E207A
:1013000070477047002303824369C3607047416A96
:101310008968F8F74DBFEFF31182402383F31288F9
:10132000BFF36F8F00230B60436833B9C0E900112E
:1013300082F31188BFF36F8F704719604160F7E740
:1013400010B50346EFF31181402282F31288BFF3F8
:101350006F8F006828B15C6802681A60A04208BFFD
:101360005A6081F31188BFF36F8F10BD027A01328A
:101370000272704783680B44036070478388026879
:1013800019448180D018704730B484880568A31848
:101390008380281930BC00F091BF10B583880268A3
:1013A0005C1C8480D154D01810BD034600689A8814
:1013B000401A11441860998070470268531E0360F8
:1013C00083880133838002F8011C70478288521A97
:1013D000034682800068084418607047034600682E
:1013E0009A88521A01449A801960704710B50368B0
:1013F0001C780121FFF7EAFF204610BD02688068D3
:10140000101A7047012310B50621044600F8013B6D
:10141000FBF774F918B9A37963F03F03A37110BD0A
:1014200038B50446807AF8F799FE6169054649B1F6
:10143000637ADB0704D4436A1B6820469B6898479D
:101440000023636121462846BDE8384000F07BBC9C
:1014500010B50346BFF35B8F53E8000F40EA01026B
:1014600043E80024002CF7D1BFF35B8F10BD0121AE
:101470000C30FFF7B3BF30B402EBC3030446084699
:101480009A4201D130BC7047114611F8085BA54261
:1014900006D1018A53789942F4D330BC5368184777
:1014A0000A46EDE7BFF35B8F50E8003F0B4040E892
:1014B0000032002AF8D1BFF35B8F704708B50020D7
:1014C0000021F9F78FF918B1BDE80840F9F740B9E4
:1014D00008BD08B5072200F021FFB0FA80F04009EE
:1014E00008BD18B111B10846F9F79ABC6FF01500A4
:1014F000704713B5044680B106216846FBF7FEF835
:1015000048B99DF80530694603F03F0320468DF841
:101510000530FFF7E6FF02B010BD6FF01500FAE7E7
:10152000003818BF01207047034610F4004F0CBF6D
:1015300007200620DA0348BF00F005009B0348BFE0
:1015400000F0FB007047BFF35B8F0068BFF35B8F59
:10155000704710B50346BFF35B8F53E8000F00EAF6
:10156000010243E80024002CF7D1BFF35B8F10BDCC
:101570002DE9F74F0C4600904FF0FF314FF0FF3050
:101580009246F9F72DF80546002850D020210C305E
:10159000FFF7F4FE20220021814600F0B7FE09F19A
:1015A000010B04EBCA0A0026D4F80080002362680D
:1015B00093420CD30834A245F6D1009889F8006014
:1015C0000022294603B0BDE8F04FF9F763B998F857
:1015D000012098F800C0B01C11181F2908D9BCF1CF
:1015E000090FC0F11F021AD1002A18DD4FF0080CB4
:1015F000D7B2791C0BF80610711CC9B25BFA80F0E7
:101600000BF801C0D8F804100193023700F056FE21
:10161000019B3744FEB2013308F10808C7E72846AA
:10162000F8F744FE6FF0150003B0BDE8F08F6FF0DF
:101630006800F9E7012310B403FA01F1044662B12E
:10164000BFF35B8F54E8003F0B4344E80032002AAD
:10165000F8D1BFF35B8F10BC704710BCC943FFF7D4
:1016600078BF2DE9F04F87B005469DF84860DDF85A
:1016700040909DF844A00C4690460021102202A8FC
:101680001F4600F043FEEEB9CDE90248012202A94F
:1016900042F20800FFF76CFF044678B9BAF1000F78
:1016A0003ED11035BFF35B8F55E8003F43F0040394
:1016B00045E80032002AF7D1BFF35B8F204607B020
:1016C000BDE8F08FF9F740F88346E4B937BB5846D8
:1016D000F7F7EDFD0923012ECDE901B48DF80030B7
:1016E0008DF80100CDF80C80D0D1CDF810D0059642
:1016F0000222CCE714F83320083A012A25D9013315
:101700009845F7D1E2E70023FAE717F83320083AC3
:10171000012A1AD901339945F7D1D8E70023FAE70E
:10172000022E4FF0010208BF059202A908BF3246FF
:1017300042F2090008BFCDF810D0CDE90279FFF7D9
:1017400017FF0028ADD00446B8E76FF01504B5E7E1
:10175000436813F008000AD05A0307D403F4C063A7
:10176000B3F5806F14BF022001207047012070473D
:1017700070B5064686B00D464FF0FF304FF0FF3192
:10178000F8F72EFF0446B0B10C3095B10121FFF7F8
:1017900004FE06F1100203A9204600950723F8F77E
:1017A0000DFF0022214642F20A00F9F773F806B055
:1017B00070BD2946EBE76FF06800F8E7183000F0DD
:1017C00090BBF9F76FBE0369C9B20C2201FB02336B
:1017D000186C00F00700704770B5C9B20369EFF3E9
:1017E0001185402484F31288BFF36F8F0C2606FB0B
:1017F0000134246C14F0C00408D0A24206D085F352
:101800001188BFF36F8F4FF0FF3070BD06FB0133BF
:1018100001221A6485F31188BFF36F8F436803EBCD
:10182000C1035B6898470020EFE78022FFF7D4BF31
:10183000F8B5069F0469C9B2EFF31186402585F318
:101840001288BFF36F8F0C2505FB0144256C05F052
:10185000070CBCF1010F0CD1276486F31188BFF38C
:101860006F8FC4E90E23436853F831309847002046
:10187000F8BD05F0C005AF4286F31188BFF36F8F46
:101880000CBF6FF077004FF0FF30F1E713B5802405
:101890000094FFF7CDFF02B010BD10B40069CBB2C9
:1018A0001C2403FB0400002110BC10470020FAF7A1
:1018B000B3BF002000F0CDB81046FBF70BBB4FF4D0
:1018C000AF6070470020704708461146F9F72EBAFE
:1018D000002208B511461046FCF734FB002818BF5B
:1018E0006FF0150008BDF7B50F4616464FF480653A
:1018F0000024A64203D816D0162003B0F0BD331B37
:10190000B3F5806F38BF1D462A4601AB3919002058
:10191000FCF748FB20B9019BAB4201D12C44E8E71E
:101920006FF01500E9E70020E7E700F150039B00A6
:101930009BB203F1804303F5883300221A601B68D1
:10194000704710B54FF0FF304FF0FF31FAF7B8FA9B
:10195000044628B9EEF75EFD044618B1FAF7B8FA66
:10196000204610BDFAF7B4FA2046F8F7FBFCF7E77B
:10197000FAF772BB10B531220446002100F0C6FC14
:101980006FF03F0363712823A3730223E3736FF0A7
:10199000080363766FF03C03A376E376782323771E
:1019A000802384F82330012384F82430802384F8B2
:1019B0002630402384F82D3010BD0023036043609F
:1019C000037823F01D0343F01D030370437843F0B5
:1019D00040034370704708B54FF0FF314FF0FF30C0
:1019E000FAF76EFAF7F74BFCBDE80840FAF770BA61
:1019F000684620F007018D4601B5F3F7A3F8BDE86E
:101A0000014085467047684620F007018D4601B5C4
:101A1000F2F732FDBDE8014085467047684620F088
:101A200007018D4601B5F3F7FFF8BDE80140854693
:101A3000704708B5F7F746FB002008BDFCF72CBA45
:101A400008B5F7F7E7FDF7F7BBFEBDE80840FCF780
:101A500023BA012802D10020F2F712BB7047704769
:101A6000F2F7FEB80047704740B1C368587810F0ED
:101A700001001EBF1878B0FA80F040097047EFF3FC
:101A80001183402383F31288BFF36F8FFEE708B5FD
:101A9000FFF7F5FF10B54369044633B90020E2684B
:101AA000537843F00103537010BD98470028F5D0D8
:101AB0000028B8BF4042E368FF28A8BFFF20187085
:101AC000EDE700F023BC00F0F9BB10B400F10C040A
:101AD000C0E9034410BCFFF770BA38B50446EFF311
:101AE0001185402383F31288BFF36F8FFFF719FA34
:101AF00004F10C0000F094FA30B1294604F114000E
:101B0000BDE83840FBF7CABD85F31188BFF36F8F7E
:101B100038BD4169836843EA010212F003020FD124
:101B2000C2600269013A01FB023382689A4201D91C
:101B300000207047C2681A604269C3609B1AF4E7CC
:101B40006FF01500704710B5C0E9043200238160C2
:101B500083610446FFF7DDFF0028A8BFC4E9004405
:101B600010BD2DE9F04105460F46EFF311884023E3
:101B700083F31288BFF36F8FC668F6B90468A0427A
:101B80001BD0D4B1D4E9003213605A60637BA660E5
:101B900023F002036373C4E9006604F1180000F047
:101BA000B3FA2046E667276100F0F1F9414605F1F6
:101BB0000800BDE8F041FBF771BD3E60AB69EF6026
:101BC000013BAB6188F31188BFF36F8FBDE8F081F3
:101BD00008B54024EFF3118384F31288BFF36F8FAD
:101BE000FFF763FBF6E790F90E308B4201D0FBF76D
:101BF000E3BC0020704703460020C3E90200C3E9AC
:101C000000337047D0E9003213605A60427B0023F2
:101C100022F00202C0E900334273836070472DE96D
:101C2000F843914604469DF820200D4600F1080730
:101C3000EFF31186402181F31288BFF36F8F02B159
:101C40004568D4F80880474518D0B8F1000F15D082
:101C50004046FFF7D7FF08F1180000F055FA0023BF
:101C6000C8F87C30C8F81090404600F090F938462B
:101C70003146FBF713FD0020BDE8F883A3B108202F
:101C8000FCF702F9002838D00122C0F80490026065
:101C9000016801F003015DB922680A4302606268CD
:101CA00020606AB960600BE0C9F800304846EFE791
:101CB0002A68032A16D80160616869B9C4E900007E
:101CC000042104F1100000F0D3FA0028CFD186F3EC
:101CD0001188BFF36F8FCFE70A6802F00302024357
:101CE0000A60DFE722F003020A4302602A6802F07A
:101CF000030240EA02032B60E2E76FF00B00E6E725
:101D000010B5044630B10268930703D0446809B1A6
:101D100000F0CDFA204610BD0023C0E9003300F1E9
:101D20000803C0E9023300F11003C0E9043370472F
:101D300007B50123009300230A461946FFF76FFFFA
:101D400003B05DF804FB07B500230A46009319466B
:101D5000FFF765FF03B05DF804FB00680021FFF7A3
:101D6000CFBF5AB18A4209D300F11003C0E9021271
:101D7000C0E90000C0E90433002070476FF015008F
:101D80007047026801238B4022EA0303036022FAB2
:101D900001F000F00100704710B5032104460C303B
:101DA000FFF7EFFF30B104F1100000F0ADF9B0FA29
:101DB00080F0400910BD20B1002211468C3000F0A7
:101DC0006AB9704770B5C368C3F340069B07044601
:101DD00016D4856802210C30FFF7D3FF80B1D5F807
:101DE00084206AB194421DD122689EB9D5F888300A
:101DF000C5F884209C4201D1C5F8882000232360C7
:101E0000E36813F01F001EBF43F00203E36040F0DD
:101E1000020070BD3260D5F88820944208BFC5F832
:101E20008860EBE716461268DBE773B50446EFF30C
:101E30001185402383F31288BFF36F8F0023A0F135
:101E40001006032104380193FFF79BFF28B1A36913
:101E5000019301A93046FBF759F985F31188BFF3C7
:101E60006F8F02B070BD38B504460D4610220021B8
:101E700000F04CFA656038BD13B501900846EFF3E9
:101E80001184402383F31288BFF36F8F01A9FBF7FE
:101E90003DF984F31188BFF36F8F02B010BD10B508
:101EA000FFF7EAFF041E08DDEFF31180402383F300
:101EB0001288BFF36F8FFBF703FC204610BD08B5F7
:101EC000A022002100F022FA08BD38B530220446D5
:101ED0000D46002100F01AFA4FF480736560E3604C
:101EE00038BD38B50446EFF31185402383F31288DB
:101EF000BFF36F8FFFF750FF2046FFF763FF85F3B7
:101F00001188BFF36F8F38BDEFF30580003818BF1D
:101F1000012070476FF057007047D0E9003213601E
:101F20005A600023C0E90033704708B5FFF7F5FF9A
:101F3000437B23F0020343730023836008BD38B55D
:101F400004460D46FBF796FA637B43F00203637386
:101F5000E5B1A5602B689D4209D16B68C4E90053C7
:101F60001C606C6012E06A689A42F6D01B68002B15
:101F7000F3D094F90E2093F90E108A42F3D09142D7
:101F8000F1DD5A68C4E9003214605C6038BD10B5F8
:101F9000EFF31184402383F31288BFF36F8FFBF7B5
:101FA00027FA84F31188BFF36F8F10BD08B5EFF3E4
:101FB0001181402282F31288BFF36F8F83680BB1C7
:101FC000FFF7B3FF81F31188BFF36F8F08BD10B522
:101FD0000146EFF31184402383F31288BFF36F8F20
:101FE000437B13F0280F0AD183680BB1FFF79DFFE5
:101FF0004B7B23F004034B730846FBF7F9F984F39A
:102000001188BFF36F8F10BD01211838FFF7DFBFB4
:1020100010B5FFF7CBFFBDE81040183000F074B8E2
:1020200038B504680546AC424FF0000000D138BD19
:10203000002CFCD02046FFF7EBFF2046FFF7A7FF60
:102040002C680120A542F1E738B504460D46FBF7A0
:10205000DFFBB5F1FF3F08BFB4F1FF3F024620466A
:1020600018D000204FF47A7447F6FF730146C2FB84
:102070000431B3F5004F71F100020BD36FF400424D
:102080009A4243F6FF728A4126BFD80B40EA41408C
:102090006FF0004038BD38B5EFF31185402383F36E
:1020A0001288BFF36F8F0468A04212D09CB1E16721
:1020B00022612046FFF739FF04F1180000F024F8F0
:1020C0002046FBF795F9012085F31188BFF36F8F48
:1020D00038BD0020F8E72046F6E708B50246FBF7D2
:1020E0004DFD70B1D0E904319B1A61EBE272B3F19E
:1020F000004F72F1000104DA002AACBF184600203C
:1021000008BD6FF00040FBE738B50246EFF31185DC
:10211000402383F31288BFF36F8F0368CBB1FBF7C3
:102120002DFD04461046FBF73BFD00224FF0004317
:102130008442C0E9042306D1FBF728FDFFF7CDFF59
:102140000021F9F785FE002085F31188BFF36F8F1A
:1021500038BD6FF01500F7E708B5FBF72FFE08BD97
:10216000B3F1FF3F08BFB2F1FF3F70B504461D4613
:10217000164613D01A4315D06FF00102921B4FF090
:10218000FF3363EB0501002904DAFBF717FE821920
:1021900041EB0501C4E90021204670BD4FF0FF323C
:1021A0001146F7E70022FBE7B3F1FF3F08BFB2F1AA
:1021B000FF3FF8B5074616461C4610D054EA020306
:1021C00011D0FBF7FBFDB0420A46A14103460AD2FB
:1021D000F31A64EB0204C7E900343846F8BD4FF047
:1021E000FF331C46F7E70023FBE72DE9F041846845
:1021F00005460E46D4B16378012B22D114F8533C26
:102200009A0711D5A4F160073846FFF701FF082EA1
:102210000CBF6FF003030023E36114F8533CDB06AB
:1022200002D13846FFF7B3FE00232370EB68C3F3F7
:1022300086321643002066F39433A860EB60BDE855
:10224000F081022BF0D12378002BEDD054F8048CD0
:10225000B8F1000FE8D004F11400FFF755FFA4F126
:1022600014070023E36239464046FFF705FEDBE72B
:1022700038B5EFF31185402383F31288BFF36F8FD6
:102280000468A04211D0D4E9003213605A600023E0
:10229000C4E900332046FFF7A8FF85F31188BFF398
:1022A0006F8F201E18BF012038BD0024F5E720B134
:1022B000011F50F8040CFFF710BC70470A4491420C
:1022C00000F1FF3300D1704710B511F8014B03F84E
:1022D000014F9142F9D110BD884210B501EB0204C3
:1022E00002D98442234607D8431EA14208D011F8E0
:1022F000012B03F8012FF8E7024401468A4200D17E
:1023000010BD13F8014D02F8014DF7E702440346F2
:10231000934200D1704703F8011BF9E710B501396A
:102320000244904201D1002005E0037811F8014FEA
:10233000A34201D0181B10BD0130F2E710B50246D0
:1023400001448A42134603D01C780132002CF8D194
:10235000181A10BDF0B5C3F137070446FFB203F0F9
:102360001F031046082BE6B233D0102B3ED0650871
:10237000A40844EA817445EAC1752D194FEA910217
:1023800042EB5102290941EA02716D1842EB121227
:10239000290A41EA02616D1842EB1222290C41EA36
:1023A00002416D1842EB1242AD1842F10002EC08F6
:1023B00044EA4274D10804EB8402A6EB4205EDB274
:1023C000092D0CD90134A5F10A0541F10001EDB246
:1023D00012E0E40844EA417406F00705C908303504
:1023E00054EA010200F8015BBCD1F0BD240944EAC3
:1023F000017406F00F050909092D84BFED19EDB22E
:10240000EDE700000148006870470000541C002000
:082410009E6EFF7F0100000039
:10241800E5A200000000000000000000A024010068
:102428003DCC00000000000061CC0000000000006E
:1024380055C7000000000000331A0100000000002A
:102448003D1A01000000000000000000C024010047
:10245800000000000025010000000000E024010049
:10246800FDBC000000000000FDA20000000000000C
:1024780001A100000000000000000000202501006C
:10248800BDC7000000000000411A01000000000064
:0824980095CF000000000000D8
:1024A000DC2E01003C2A0100D0260100BC020020E5
:1024B000981C002085B5000000000000000000000E
:1024C000EB2E010000000000C0260100BE0200202B
:1024D00000000000C518010000000000000000001E
:1024E000FA2E010000000000C8260100C0020020F2
:1024F000EC1C0020B9B90000000000000000000042
:102500000A2F0100000000004C2A0100C202002036
:1025100000000000D11801000000000000000000D1
:10252000402F010000000000542A0100C4020020D6
:102530004C1D002091BF00000000000000000000C2
:10254000611A0100651A01000000000095120100E7
:10255000000000009512010000000000951201002B
:10256000000000009512010000000000951201001B
:10257000000000009512010000000000951201000B
:1025800000000000951201000000000095120100FB
:1025900000000000951201000000000095120100EB
:1025A0000000000095120100EC1C002029BA000078
:1025B00000000000951201000000000095120100CB
:1025C0000000000095120100000000008DBD000019
:1025D00000000000951201000000000095120100AB
:1025E000000000009512010000000000951201009B
:1025F000000000009512010000000000951201008B
:10260000000000009512010000000000ADC70000AE
:10261000000000009512010000000000951201006A
:10262000000000009512010000000000951201005A
:10263000000000009512010000000000951201004A
:10264000000000009512010000000000951201003A
:10265000000000009512010000000000951201002A
:10266000000000009512010000000000951201001A
:10267000000000009512010000000000951201000A
:1026800000000000951201000000000095120100FA
:1026900000000000951201000000000095120100EA
:1026A00000000000951201000000000095120100DA
:1026B00000000000951201000000000095120100CA
:1026C000C91801000000000061B90000B9B800009D
:1026D000DDB500002B1801008D180100000000007E
:0C26E000C717010000000000000000000F
:1026EC000000000000000000A0000000F00000004E
:1026FC0000000000FCDE41EBA2D1422400B5F857EB
:10270C009FAC9D9EAAC9B434F401FA0096006400F3
:10271C004B0032001E0014000A00050002000100EC
:10272C000100010000010100000100010000010096
:10273C000100000001000B0002000A000500090066
:10274C000A000800140007001E00060032000500F5
:10275C004B0004006400030096000200FA00010024
:10276C00F4010000020301000C0802170D01010224
:10277C0009090101060209181803010109090303DB
:10278C0005030201230202240910040405050B0BA6
:10279C00040B2B1B1B151A1A1C021D1613050149C1
:1027AC000D150508061B1B0F02020801010000FE97
:1027BC00FEFEFEFEFEFEFEFEFEFEFEFEFEFEFEFE2D
:1027CC0016FEFEFEFEFEFEFEFEFEFEFE1F1FFEFEC3
:1027DC0026FEFEFEFEFEFEFEFEFEFEFEFEFEFEFEE5
:1027EC00FEFEFE3E3EFEFEFEFE3B3B00F401FA000A
:1027FC00960064004B0032001E0014000A00050015
:10280C0002000100A301B103BF05EF024906A309B1
:10281C00C505F50B25120E021C045A03B40630062E
:10282C00600C0000010000001011004000000000CE
:10283C000000000000000000000000000000340850
:10284C00E80300002CA6E0A10406080A0C0E1012E6
:10285C001416181C1E20222426282A2C2E30323422
:10286C0036383A3C3E40424446484A4C4E021A5096
:10287C00000000002800000018000000000000000C
:10288C00141E000030110000000000007017000042
:10289C00A00F00000000DC05E803000000000000B1
:1028AC00141E00003011000000010302D8ECF0F4FB
:1028BC00F8FC0002030405060708000000000000F5
:1028CC0000000000000000000000000000000101FA
:1028DC0001010202020203030303040404040505BC
:1028EC0005050606060809000000000000000000AF
:1028FC0000000000000000000000000101010102C6
:10290C00020202030303030404040405050505067F
:10291C00060708090A0B0C0D060808010206001030
:10292C000200FA000000FCDE41EBA2D1422400B50B
:10293C00F8579FAC9D9EAAC9B43400008F9200003A
:10294C009B9200009F920000A7920000AB920000A7
:10295C00FF030000B802002000000000711201000B
:10296C00140200200C0200200402002000000000D1
:10297C00FC0100202D9700002196000075960000A8
:10298C00D5960000000000200000000000000B069F
:10299C0002000000A429010000000000782D0100B5
:1029AC002600020600000020802D010022000B11E1
:1029BC008DA100000000000003130100BC290100E0
:1029CC00D429010047000000004C0020BC29010064
:1029DC00E42901002E000000E04F0020BC2901007A
:1029EC00F429010002010000B45000200E03000085
:1029FC0085AD00000F040000C1AD0000FF01000018
:102A0C00B5A300003E010000D5A30000100100009A
:102A1C006F140100BC2901002C2A010047000000A2
:102A2C00D05100200DB50000DDB400000000000006
:102A3C0065B6000051B50000AD180100B3180100D7
:102A4C00E71801000000000009BF00004319010055
:102A5C0061C1000018240100182401006824010041
:102A6C0078240100A0240100A02401007B2F010088
:102A7C0000010000FF8FFFFFFF8FFFFFFE8FFFFFA6
:102A8C00FE8FFFFFFD8FFFFFFC8FFFFFFC8FFFFF13
:102A9C006D757465785F667265652063616C6C65D5
:102AAC00642077697468204E554C4C2070617261BB
:102ABC006D6574657200000043616E277420696E49
:102ACC00697469616C697A65206D757465782C2000
:102ADC00776173204E554C4C0D0A00004661696CB1
:102AEC0020746F2061637175697265206D757465F2
:102AFC00780A00004661696C20746F20696E6372FD
:102B0C006561736520504D20636F756E7465720A34
:102B1C00000000004661696C20746F20646563726C
:102B2C006561736520504D20636F756E7465720A14
:102B3C00000000004661696C20746F2072656C6542
:102B4C00617365206D757465780A0000436F756C50
:102B5C0064206E6F74206C6F636B20706F7765727E
:102B6C002073617665206D75746578004661696CBB
:102B7C0020746F20756E6C6F636B206D7574657847
:102B8C000A0000006374782063616E6E6F742062BB
:102B9C0065204E554C4C00000A63747820697320F4
:102BAC004E554C4C0A00000067E6096A85AE67BBBF
:102BBC0072F36E3C3AF54FA57F520E518C68059B13
:102BCC00ABD9831F19CDE05BD89E05C107D57C36E8
:102BDC0017DD703039590EF7310BC0FF11155868DD
:102BEC00A78FF964A44FFABE0123456789ABCDEFDB
:102BFC00FEDCBA9876543210F0E1D2C35374617291
:102C0C0074696E672042726F61646361737465727C
:102C1C000A00426C7565746F6F746820696E697414
:102C2C00206661696C6564202865727220256429B0
:102C3C000A00426C7565746F6F746820696E6974F4
:102C4C0069616C697A65640A0053656E64696E67C4
:102C5C00206164766572746973696E67206461744F
:102C6C00613A203078253032580A0041647665721A
:102C7C00746973696E67206661696C656420746F32
:102C8C002073746172742028657272202564290A7D
:102C9C00004164766572746973696E672066616958
:102CAC006C656420746F2073746F70202865727269
:102CBC00202564290A002A2A2A20426F6F74696E23
:102CCC0067206E524620436F6E6E656374205344CA
:102CDC004B2076332E312E312D65326139376665B6
:102CEC003235373861202A2A2A0A002A2A2A205506
:102CFC0073696E67205A6570687972204F5320761D
:102D0C00342E312E39392D666638663063353739B5
:102D1C00656562202A2A2A0A006D757465785F69D8
:102D2C006E69742063616C6C6564207769746820CB
:102D3C004E554C4C20706172616D65746572004328
:102D4C006F756C64206E6F7420616C6C6F63617452
:102D5C0065206D75746578206265666F7265206993
:102D6C006E697469616C697A696E6700464C41538F
:102D7C00485F30005352414D5F30000000000000AE
:102D8C000000FFFFFFFFFFFF000000000000010438
:102D9C00000200000002000000000000000500001E
:102DAC000000000000000000000000000005574576
:102DBC0053545F544F504449522F7A65706879725E
:102DCC002F7375627379732F626C7565746F6F7482
:102DDC00682F686F73742F6863695F636F72652EF9
:102DEC00630062745F6863695F6576745F676574BE
:102DFC005F666C616773286864722D3E6576742912
:102E0C002026202831554C203C3C202831292900F3
:102E1C00415353455254494F4E204641494C205B37
:102E2C0025735D20402025733A25640A006576746D
:102E3C005F666C6167732026202831554C203C3C22
:102E4C002028302929005A657068797200627566ED
:102E5C0000737563636573730009636F6D6D616EE9
:102E6C0064206F70636F646520307825303478206F
:102E7C0074696D656F75740A00657272203D3D2032
:102E8C00300009436F6E74726F6C6C657220756ED6
:102E9C00726573706F6E736976652C20636F6D6DE0
:102EAC00616E64206F70636F6465203078253034F8
:102EBC00782074696D656F75742077697468206506
:102ECC0072722025640A0042542052582057510037
:102EDC00636C6F636B4034303030303030300065B1
:102EEC006E74726F70795F62745F6863690072618F
:102EFC006E646F6D4034303030643030300063724B
:102F0C007970746F40353030326130303000536F2F
:102F1C00667444657669636520436F6E74726F6C7A
:102F2C006C6572204153534552543A2025732C2022
:102F3C0025640A0062745F6863695F736463004DA3
:102F4C0050534C204153534552543A2025732C2056
:102F5C0025640A004D50534C20576F726B000000D3
:102F6C00000000010100000000006D61696E00733B
:102F7C007973776F726B7100647261676F6F6E2F0C
:102F8C006C6962732F7363686564756C696E672F07
:102F9C007372632F72656D5F68616C5F6576656EC9
:102FAC00745F74696D65722E6300286E756C6C2984
:0C2FBC00002A666C6F61742A000000009F
:102FC800FFFFFFFFFF1F00001F00000000000000C0
:102FD8005D40000000000000FFFFFFFF1FFF000032
:102FE800BAABBABA10101010000000000080004000
:102FF80000000000000000000C00000000000000BD
:1030080000FF7F000000000000000000000000003A
:10301800A514000000000000F58800000000000072
:103028000000000000000000000000007000002008
:10303800F3900000F9900000FB900000219100003F
:10304800FF9000002F910000059100003B910000C7
:103058000B91000041910000179100001B910000A6
:103068000D910000139100002B9100003591000094
:1030780005000000482901000100000000000000D0
:103088000000000000000000000000000000000038
:103098000000000000000000000000000000000028
:1030A8000000000000000000000000000000000018
:1030B8000000000000000000000000000000000008
:1030C80000000000000000000000000000000000F8
:1030D80000000000000000000000000000000000E8
:1030E80000000000000000000000000000000000D8
:1030F80000000000000000000000000000000000C8
:1031080000000000000000000000000000000000B7
:1031180000000000000000000000000000000000A7
:103128000000000000000000000000000000000097
:103138000000000000000000000000000000000087
:10314800000000000000000009AD000000000000C1
:103158000000000000000000000000000000000067
:103168000000000000000000000000000000000057
:103178000000000000000000000000000000000047
:103188000000000000000000000000000000000037
:103198000000000000000000000000000000000027
:1031A8000000000000000000000000000000000017
:1031B80000000000202501006B100100F002002033
:1031C8003A000000040300203A000000C802002072
:1031D8003A000000180300203A0000000000000038
:1031E800BD14010000000000000000000000000005
:1031F800F5A300000000000000000000900200009D
:10320800400200204002002000000000DDDE000037
:103218008C020020840200207C02002000000000B4
:10322800740200209DE00000E9DF00001DE00000BE
:1032380065E00000741F00203A00003A781F002063
:103248003A00003A7C1F00203A00003A801F002014
:103258003A00003AC8240020A002002060020020A2
:1032680058020020540200205002002015EE0000F1
:0B32780009EE0000FDED0000FFFF006C
:0D328300000000000000000000000000003E
:10329000C8020020C802002000000000000000005A
:1032A0000E000000DC020020DC0200200000000014
:1032B000000000000E000000F0020020F0020020DC
:1032C00000000000000000000E00000004030020C9
:1032D0000403002000000000000000000E000000B9
:1032E0001803002018030020000000000000000068
:0432F0000E000000CC
:1032F400000000000000000034030020340300201C
:103304003C0300203C0300200300030000000000F5
:1033140000000000D82901006C50002000000000CB
:103324000000000060030020600300206803002008
:1033340068030020010001000000000000000000FC
:10334400202A0100185200200000000000000000A4
:103354008C0300208C03002094030020940300209D
:103364000A000A000400000015A30000C829010097
:10337400C84E00200000000000000000B803002038
:10338400B8030020C0030020C00300200100010096
:103394000000000000000000E8290100B8510020EE
:0433A40015E015E03B
:0400000300009B0955
:00000001FF
